mean_speed_px,moving_speed_px,moving_fraction,global_u,global_v,direction_deg,divergence,curl,frame,time_s
0.008176957257091999,0.0,0.0,-0.00036013603676110506,0.0002996659022755921,nan,0.0,0.0,0,0.0
0.010403178632259369,0.0,0.0,-0.00036137207644060254,0.0002397242351435125,nan,0.0,0.0,1,0.03333333333333333
0.006938484031707048,0.0,0.0,-2.8276297598495148e-05,2.566578405094333e-05,nan,0.0,0.0,2,0.06666666666666667
0.018640032038092613,0.0,0.0,-0.00017993745859712362,0.00011111148342024535,nan,0.0,0.0,3,0.1
0.018749359995126724,0.5906936526298523,0.00216820987654321,-7.52299529267475e-05,-9.916715498548001e-05,235.1815643310547,0.0009484674083068967,-0.0005444689304567873,4,0.13333333333333333
0.021170001477003098,0.514110267162323,0.00016203703703703703,9.613047586753964e-05,-1.7650567315286025e-05,152.8692626953125,0.0032681478187441826,0.000897863763384521,5,0.16666666666666666
0.02317282184958458,0.0,0.0,-9.305551066063344e-05,-9.34609561227262e-05,nan,0.0,0.0,6,0.2
0.021778903901576996,0.6109793782234192,0.00034722222222222224,-0.00010174423368880525,0.00020249681256245822,241.33457946777344,-0.003032088978216052,-0.008414088748395443,7,0.23333333333333334
0.0194308590143919,0.5349071621894836,5.401234567901235e-05,1.1328805157972965e-05,-0.00024096343258861452,243.40585327148438,0.002854621736332774,-0.0009227554546669126,8,0.26666666666666666
0.02080482803285122,0.5339198708534241,0.0002469135802469136,-0.0009054084657691419,0.00024495244724676013,153.97547912597656,-0.0032880769576877356,-0.0003516471479088068,9,0.3
0.02037842757999897,0.5514804124832153,0.0008333333333333334,-0.0007426912197843194,4.6533830754924566e-05,240.58120727539062,0.0013856061268597841,-0.0006009164499118924,10,0.3333333333333333
0.015549707226455212,0.0,0.0,-0.000737129186745733,0.00014898656809236854,nan,0.0,0.0,11,0.36666666666666664
0.0049288771115243435,0.0,0.0,7.917894606634945e-08,-1.4556059795722831e-05,nan,0.0,0.0,12,0.4
0.01818258687853813,0.5096938014030457,1.54320987654321e-05,-0.0015777016524225473,-4.2611245589796454e-05,154.03271484375,-0.01034114882349968,0.009190469980239868,13,0.43333333333333335
0.013039379380643368,0.5193318128585815,0.0001234567901234568,-0.0007584316772408783,6.27017579972744e-05,153.39389038085938,0.00118916854262352,-0.011291124857962132,14,0.4666666666666667
0.01235642284154892,0.5021271109580994,7.71604938271605e-06,-0.00016877803136594594,0.0002105558232869953,148.62457275390625,0.009207330644130707,0.006232619285583496,15,0.5
0.005195802543312311,0.0,0.0,-3.694942279253155e-05,-1.0572604878689162e-05,nan,0.0,0.0,16,0.5333333333333333
0.020221304148435593,0.6151261329650879,0.0006790123456790123,4.1321538446936756e-05,-0.00022969924611970782,149.8802032470703,-0.0035743415355682373,-0.00013302470324561,17,0.5666666666666667
0.0127653107047081,0.0,0.0,-3.807292159763165e-06,-0.00018206160166300833,nan,0.0,0.0,18,0.6
0.00974591076374054,0.5178151726722717,4.6296296296296294e-05,-2.820069857989438e-05,-3.547580854501575e-05,149.3664093017578,0.011827376671135426,-0.004410358611494303,19,0.6333333333333333
0.00924498587846756,0.0,0.0,1.4552649645338533e-06,2.8737562388414517e-05,nan,0.0,0.0,20,0.6666666666666666
0.018536711111664772,0.5358608365058899,0.0003780864197530864,-0.00028283149003982544,6.875753751955926e-05,148.9166259765625,0.0005024136044085026,-0.0012145101791247725,21,0.7
0.01326389703899622,0.0,0.0,9.143177885562181e-05,3.403193477424793e-05,nan,0.0,0.0,22,0.7333333333333333
0.00837270263582468,0.0,0.0,-5.6062719522742555e-05,-8.790631545707583e-05,nan,0.0,0.0,23,0.7666666666666667
0.011948132887482643,0.0,0.0,-5.784069435321726e-05,-0.00010115177428815514,nan,0.0,0.0,24,0.8
0.017768459394574165,0.5197024941444397,0.00023919753086419754,0.0002669558743946254,0.0004100943624507636,151.4198455810547,0.0014272286789491773,0.001837969059124589,25,0.8333333333333334
0.012492348439991474,0.5613210797309875,0.0004475308641975309,7.792623364366591e-05,0.00012979046732652932,148.93804931640625,-0.0007331440574489534,0.0035179415717720985,26,0.8666666666666667
0.0036720694042742252,0.0,0.0,2.6450322820892325e-06,-8.696370059624314e-07,nan,0.0,0.0,27,0.9
0.011401433497667313,0.0,0.0,0.00048697006423026323,-0.0004459841293282807,nan,0.0,0.0,28,0.9333333333333333
0.012518188916146755,0.0,0.0,0.0006469321670010686,-0.00010966567788273096,nan,0.0,0.0,29,0.9666666666666667
0.004107740707695484,0.0,0.0,-7.217899110401049e-06,-1.9649604610094684e-07,nan,0.0,0.0,30,1.0
0.008863276802003384,0.0,0.0,5.892028275411576e-05,0.00018137344159185886,nan,0.0,0.0,31,1.0333333333333334
0.003862642915919423,0.0,0.0,-2.5851473765214905e-05,-7.970138540258631e-06,nan,0.0,0.0,32,1.0666666666666667
0.004320285748690367,0.0,0.0,7.329219079110771e-05,-2.6004256142186932e-05,nan,0.0,0.0,33,1.1
0.00485729007050395,0.0,0.0,2.1476836991496384e-05,3.329128503537504e-06,nan,0.0,0.0,34,1.1333333333333333
0.00957038626074791,0.5412272214889526,3.08641975308642e-05,-4.070945942658e-05,-0.00021272010053507984,153.9140167236328,0.007886327803134918,-0.01689768396317959,35,1.1666666666666667
0.004184699151664972,0.0,0.0,5.720382745266761e-08,1.1898634966200916e-07,nan,0.0,0.0,36,1.2
0.005411248654127121,0.0,0.0,-5.625581252388656e-06,0.00010106770787388086,nan,0.0,0.0,37,1.2333333333333334
0.00499951746314764,0.0,0.0,3.120097971986979e-05,-1.3604328159999568e-05,nan,0.0,0.0,38,1.2666666666666666
0.0103691965341568,0.0,0.0,0.00016722634609322995,-7.114601612556726e-05,nan,0.0,0.0,39,1.3
0.004651156719774008,0.0,0.0,-2.179673538194038e-05,-6.698611832689494e-05,nan,0.0,0.0,40,1.3333333333333333
0.006117959972470999,0.0,0.0,5.279718243400566e-05,1.3559942090068944e-05,nan,0.0,0.0,41,1.3666666666666667
0.011480260640382767,0.5102456212043762,7.71604938271605e-06,-1.1290525435470045e-05,4.221309063723311e-05,205.30845642089844,-0.034247443079948425,0.036953821778297424,42,1.4
0.013196522369980812,0.0,0.0,0.00030470266938209534,-0.0003343842981848866,nan,0.0,0.0,43,1.4333333333333333
0.007901700213551521,0.0,0.0,-2.7188778403797187e-05,6.08440168434754e-05,nan,0.0,0.0,44,1.4666666666666666
0.01725965365767479,0.0,0.0,-0.0002102671132888645,-0.0004119112272746861,nan,0.0,0.0,45,1.5
0.013799590058624744,0.0,0.0,0.00016291660722345114,-8.969014743342996e-05,nan,0.0,0.0,46,1.5333333333333334
0.01220056600868702,0.5558282136917114,0.0002160493827160494,8.192595123546198e-05,-2.6992462153430097e-05,151.8737335205078,0.00023191262152977288,-0.001204764237627387,47,1.5666666666666667
0.015233867801725864,0.0,0.0,0.0005171778029762208,1.3561740161094349e-05,nan,0.0,0.0,48,1.6
0.015520071610808372,0.0,0.0,0.0004993082256987691,0.00039942891453392804,nan,0.0,0.0,49,1.6333333333333333
0.013348471373319626,0.0,0.0,0.0005155076505616307,-7.602849655086175e-05,nan,0.0,0.0,50,1.6666666666666667
0.013487865217030048,0.5870127081871033,0.0010648148148148149,-2.2184991621543304e-07,-2.186796336900443e-05,152.25050354003906,0.0007555385236628354,0.0018213598523288965,51,1.7
0.013299694284796715,0.0,0.0,-0.00014680704043712467,-0.00013366033090278506,nan,0.0,0.0,52,1.7333333333333334
0.01774054765701294,0.0,0.0,-0.0005887510487809777,-8.759050615481101e-06,nan,0.0,0.0,53,1.7666666666666666
0.011643721722066402,0.0,0.0,8.665028144605458e-05,2.696381852729246e-05,nan,0.0,0.0,54,1.8
0.008515825495123863,0.0,0.0,-6.165280501591042e-05,1.196911625811481e-06,nan,0.0,0.0,55,1.8333333333333333
0.01240632962435484,0.0,0.0,-0.0006129867397248745,5.760924250353128e-05,nan,0.0,0.0,56,1.8666666666666667
0.017517508938908577,0.0,0.0,-0.0004510176368057728,0.0004019018670078367,nan,0.0,0.0,57,1.9
0.008240354247391224,0.0,0.0,9.261856348530273e-08,1.203828333018464e-06,nan,0.0,0.0,58,1.9333333333333333
0.013912192545831203,0.0,0.0,0.00033515854738652706,0.000355938624124974,nan,0.0,0.0,59,1.9666666666666666
0.007074251305311918,0.0,0.0,-6.772264168830588e-05,1.5751997125335038e-05,nan,0.0,0.0,60,2.0
0.009431247599422932,0.0,0.0,-6.067683716537431e-05,7.157240179367363e-05,nan,0.0,0.0,61,2.033333333333333
0.014835073612630367,0.0,0.0,-0.0005563475424423814,0.0007910506101325154,nan,0.0,0.0,62,2.066666666666667
0.014930757693946362,0.0,0.0,0.00016518868505954742,5.5389158660545945e-05,nan,0.0,0.0,63,2.1
0.007985723204910755,0.0,0.0,7.559814548585564e-05,-7.7958291512914e-05,nan,0.0,0.0,64,2.1333333333333333
0.012214839458465576,0.0,0.0,-0.00028230855241417885,-0.00046533363638445735,nan,0.0,0.0,65,2.1666666666666665
0.010001948103308678,0.0,0.0,2.2593312678509392e-05,-8.05822855909355e-06,nan,0.0,0.0,66,2.2
0.013565649278461933,0.0,0.0,-0.00017018949438352138,-0.00013827887596562505,nan,0.0,0.0,67,2.2333333333333334
0.007628291845321655,0.5351400375366211,3.8580246913580246e-05,9.702371608000249e-05,-4.608496601576917e-05,204.91287231445312,-0.020796161144971848,0.04616490751504898,68,2.2666666666666666
0.006848065182566643,0.0,0.0,-4.275348692317493e-05,-7.324865873670205e-05,nan,0.0,0.0,69,2.3
0.00824305322021246,0.0,0.0,-3.80210331059061e-05,1.8181517589255236e-05,nan,0.0,0.0,70,2.3333333333333335
0.012727261520922184,0.5362914204597473,3.8580246913580246e-05,7.032897701719776e-05,-0.00028500909684225917,204.74929809570312,-0.02533922716975212,0.043052613735198975,71,2.3666666666666667
0.005103982053697109,0.0,0.0,-2.7094511096947826e-05,5.125849929754622e-05,nan,0.0,0.0,72,2.4
0.006005255039781332,0.5386965870857239,5.401234567901235e-05,-0.00014805124374106526,1.61956631927751e-05,204.04835510253906,-0.017605623230338097,0.04690185561776161,73,2.433333333333333
0.009926405735313892,0.0,0.0,-0.0001563838159199804,-0.0003441227599978447,nan,0.0,0.0,74,2.466666666666667
0.014191425405442715,0.5055834054946899,1.54320987654321e-05,0.0008068449096754193,-0.0008995047537609935,27.718734741210938,-0.03834350034594536,-0.0239245742559433,75,2.5
0.005606492981314659,0.0,0.0,-8.40116115341516e-07,-3.6789131172554335e-06,nan,0.0,0.0,76,2.533333333333333
0.0078058079816401005,0.0,0.0,1.1798435934906593e-06,1.3798638974549249e-05,nan,0.0,0.0,77,2.566666666666667
0.007915969006717205,0.0,0.0,-2.830070116033312e-07,-5.1619805162772536e-05,nan,0.0,0.0,78,2.6
0.013575121760368347,0.5251381993293762,0.0001080246913580247,0.00023087195586413145,-0.0003459990839473903,150.36424255371094,0.00025531541905365884,0.001590868690982461,79,2.6333333333333333
0.004490809515118599,0.0,0.0,-3.463401867520588e-07,-6.833311516629692e-08,nan,0.0,0.0,80,2.6666666666666665
0.007947931997478008,0.0,0.0,0.00011445285781519488,-0.00010240573465125635,nan,0.0,0.0,81,2.7
0.009739357978105545,0.0,0.0,-0.0004011464479845017,-0.000329240458086133,nan,0.0,0.0,82,2.7333333333333334
0.012029701843857765,0.0,0.0,0.0006042700260877609,-0.0006749028107151389,nan,0.0,0.0,83,2.7666666666666666
0.0022626963909715414,0.0,0.0,-1.7083362990888418e-07,-5.2617274093336164e-08,nan,0.0,0.0,84,2.8
0.012969850562512875,0.0,0.0,7.422627822961658e-05,-0.00036753842141479254,nan,0.0,0.0,85,2.8333333333333335
0.006920039653778076,0.0,0.0,-1.3759952253167285e-06,-1.7097280533562298e-06,nan,0.0,0.0,86,2.8666666666666667
0.010515965521335602,0.0,0.0,6.615460733883083e-05,-1.2357802006590646e-05,nan,0.0,0.0,87,2.9
0.005055542103946209,0.0,0.0,-6.252268212847412e-05,2.199763730459381e-05,nan,0.0,0.0,88,2.933333333333333
0.008832653984427452,0.0,0.0,0.00018096462008543313,-0.00012279575457796454,nan,0.0,0.0,89,2.966666666666667
0.009212811477482319,0.0,0.0,-0.00010644335998222232,8.786513353697956e-05,nan,0.0,0.0,90,3.0
0.00780924316495657,0.0,0.0,-0.0001817017182474956,4.664106745622121e-05,nan,0.0,0.0,91,3.033333333333333
0.004592287819832563,0.0,0.0,3.9564300095662475e-05,-0.00010474494774825871,nan,0.0,0.0,92,3.066666666666667
0.010378751903772354,0.0,0.0,-0.000314393691951409,0.0002661340404301882,nan,0.0,0.0,93,3.1
0.005907299928367138,0.5157238245010376,3.8580246913580246e-05,4.070610157214105e-05,2.635611963341944e-05,150.0218963623047,0.0008319109911099076,-0.006778912153095007,94,3.1333333333333333
0.0021159187890589237,0.0,0.0,-1.594098222312823e-07,-5.291899807247091e-09,nan,0.0,0.0,95,3.1666666666666665
0.0026162569411098957,0.0,0.0,4.5363071632387175e-10,1.3257967168556206e-07,nan,0.0,0.0,96,3.2
0.008700932376086712,0.0,0.0,-8.153563248924911e-05,-0.0001985178969334811,nan,0.0,0.0,97,3.2333333333333334
0.005243988242000341,0.0,0.0,-2.7310063160257414e-05,-4.751369124278426e-05,nan,0.0,0.0,98,3.2666666666666666
0.0024790943134576082,0.0,0.0,7.299485105249914e-08,3.1525903523288434e-06,nan,0.0,0.0,99,3.3
0.0037157731130719185,0.0,0.0,-2.249519184260862e-06,-5.6941107686725445e-06,nan,0.0,0.0,100,3.3333333333333335
0.008861111477017403,0.0,0.0,-6.764278805349022e-05,0.00012217063340358436,nan,0.0,0.0,101,3.3666666666666667
0.0053171259351074696,0.0,0.0,2.2328407794702798e-05,1.9833725673379377e-05,nan,0.0,0.0,102,3.4
0.002413048641756177,0.0,0.0,-3.4583458727865946e-06,3.0127625905151945e-06,nan,0.0,0.0,103,3.433333333333333
0.007831436581909657,0.0,0.0,3.637316694948822e-05,-1.2314956620684825e-05,nan,0.0,0.0,104,3.466666666666667
0.024856481701135635,0.0,0.0,-8.26129034976475e-05,0.00022365165932569653,nan,0.0,0.0,105,3.5
0.029434870928525925,0.5299209356307983,0.00030864197530864197,-1.116299335990334e-05,-9.993408639275003e-06,56.592918395996094,0.007003782782703638,-0.0024376146029680967,106,3.533333333333333
0.03340475261211395,0.5158621072769165,3.08641975308642e-05,-3.0687638172821607e-06,5.2635052270488814e-05,171.61398315429688,0.0009899702854454517,-0.008734308183193207,107,3.566666666666667
0.037260010838508606,0.5564347505569458,0.0005092592592592592,4.13184316130355e-05,1.6594381690993032e-07,184.1742706298828,0.007381061557680368,-0.0048703090287745,108,3.6
0.05421827733516693,0.5997318625450134,0.0021141975308641976,0.0001892991131171584,0.00028417276917025447,152.68414306640625,0.005660664290189743,-0.0033080747816711664,109,3.6333333333333333
0.058611176908016205,0.6279242634773254,0.004320987654320987,9.621430217521265e-05,0.0003912679385393858,171.86953735351562,0.004259447567164898,-0.0016166414134204388,110,3.6666666666666665
0.059112299233675,0.5535330772399902,0.008109567901234568,1.0756730972616424e-07,9.376165621688415e-08,155.3556365966797,0.004145280923694372,-0.001103270915336907,111,3.7
0.06625985354185104,0.5555840134620667,0.03452932098765432,-1.103495748111527e-07,9.799856570680276e-08,240.80313110351562,0.0036616192664951086,0.0008168062195181847,112,3.7333333333333334
0.08627469837665558,0.5994212031364441,0.055455246913580246,-0.00012702643289230764,9.3828872195445e-05,141.60421752929688,0.0017631667433306575,0.0021511290688067675,113,3.7666666666666666
0.08354360610246658,0.6133649945259094,0.07025462962962963,-1.1120126153230103e-08,4.1911329162758193e-07,73.75474548339844,-0.0015253910096362233,0.0023058410733938217,114,3.8
0.0893247127532959,0.6539133787155151,0.08231481481481481,-3.7034222799547933e-08,-9.172541837187964e-09,140.12698364257812,0.0006555506261065602,0.0026473465841263533,115,3.8333333333333335
0.09384849667549133,0.6803130507469177,0.08831018518518519,6.053491041768666e-09,-4.165554567947538e-09,159.5277099609375,0.0006638753693550825,0.002546593314036727,116,3.8666666666666667
0.11089040338993073,0.7131344079971313,0.10044753086419753,-0.0005005184793844819,0.0005006854189559817,72.0665054321289,-0.00044529521255753934,0.002621225081384182,117,3.9
0.11635830998420715,0.7610836625099182,0.10896604938271605,-1.163194338005269e-05,0.00023252297251019627,34.6190299987793,-0.0011438967194408178,0.002830483252182603,118,3.933333333333333
0.11780846863985062,0.7784690260887146,0.11477623456790123,-4.36070877185557e-06,5.172668898012489e-05,42.05998611450195,-0.000910244882106781,0.0031232002656906843,119,3.966666666666667
0.12465119361877441,0.8101440668106079,0.1200925925925926,-5.594084996118909e-06,-1.4373215151408658e-07,43.06368637084961,-0.000514504499733448,0.0027073631063103676,120,4.0
0.14231427013874054,0.8593358397483826,0.12617283950617283,-0.00015771487960591912,0.00011710269609466195,353.71533203125,-0.0011869039153680205,0.0023528984747827053,121,4.033333333333333
0.14363785088062286,0.890992283821106,0.12856481481481483,2.0955245418008417e-05,0.000169241800904274,44.89799499511719,0.0004603899142239243,0.0025797069538384676,122,4.066666666666666
0.14488761126995087,0.9170584082603455,0.13056327160493827,-3.3335277294099797e-06,6.654518642790208e-07,0.6586994528770447,-0.000369282002793625,0.002520912792533636,123,4.1
0.15919852256774902,0.9977747201919556,0.13521604938271606,-6.4748555814730935e-06,2.461873464199016e-06,340.22955322265625,0.000739714247174561,0.00278947944752872,124,4.133333333333334
0.17648901045322418,1.0644011497497559,0.13719907407407408,-0.0003603618824854493,0.0006106832297518849,358.9940185546875,0.000702936842571944,0.0029035047627985477,125,4.166666666666667
0.18750742077827454,1.1481295824050903,0.14041666666666666,-3.104939969489351e-05,0.0005439462256617844,144.52919006347656,0.0008115369128063321,0.002072615548968315,126,4.2
0.18539807200431824,1.1430166959762573,0.14466049382716048,-2.633428266562987e-07,1.3577451341006963e-07,150.08392333984375,-0.00016591114399489015,0.002579249907284975,127,4.233333333333333
0.19479332864284515,1.1890771389007568,0.14580246913580247,-3.3798434742493555e-05,1.9325987068441464e-06,139.83692932128906,0.00045692193089053035,0.002836492145434022,128,4.266666666666667
0.1980287879705429,1.1353027820587158,0.15224537037037036,-0.0002750536659732461,0.0006234898464754224,133.15736389160156,0.0003583206271287054,0.0024240203201770782,129,4.3
0.20463255047798157,1.1487218141555786,0.1564429012345679,-0.0021568890661001205,0.0005982661386951804,127.83907318115234,0.0006693369941785932,0.002508963458240032,130,4.333333333333333
0.20469185709953308,1.1566749811172485,0.160625,-0.0005637272261083126,0.00020291373948566616,144.2739715576172,0.0007172016194090247,0.0021027044858783484,131,4.366666666666666
0.21375244855880737,1.1820251941680908,0.1634722222222222,-0.0004950464935973287,0.000335562857799232,127.42936706542969,0.0013300009304657578,0.0023010962177067995,132,4.4
0.22777874767780304,1.2097721099853516,0.1673070987654321,-0.00039736778126098216,0.0015957466093823314,110.34648132324219,0.0010578808141872287,0.0017452513566240668,133,4.433333333333334
0.22867749631404877,1.2253327369689941,0.1701929012345679,-0.00013996189227327704,2.7693811716744676e-05,64.87833404541016,0.0009261394152417779,0.0011517065577208996,134,4.466666666666667
0.22819046676158905,1.2439827919006348,0.16982253086419752,-3.469490366114769e-06,0.0001692744845058769,78.57129669189453,0.0008203471661545336,0.0014416383346542716,135,4.5
0.2382156103849411,1.268409013748169,0.17489197530864198,-0.00021955912234261632,5.788970156572759e-05,75.52896881103516,0.0009017438860610127,0.0016646877629682422,136,4.533333333333333
0.2586706876754761,1.3516864776611328,0.17504629629629628,-0.0006151256384328008,0.0008395808981731534,10.367935180664062,-0.0003224859538022429,0.00017759714683052152,137,4.566666666666666
0.26562264561653137,1.3853540420532227,0.17547067901234567,-0.0005480689578689635,0.001241852529346943,27.434772491455078,0.0014868340222164989,-0.00031713469070382416,138,4.6
0.26049792766571045,1.3922507762908936,0.17592592592592593,-3.530726417011465e-06,3.421714609430637e-06,70.80181884765625,-0.000482953735627234,-0.0006293240003287792,139,4.633333333333334
0.2713325619697571,1.434533953666687,0.17763117283950616,-1.6275811503874138e-05,7.455184459104203e-06,73.3714370727539,0.0005398530047386885,0.00041760370368137956,140,4.666666666666667
0.2949550151824951,1.488132357597351,0.1807638888888889,-0.0009024504106491804,0.002452826825901866,71.06524658203125,0.0004811651015188545,-0.00040734102367423475,141,4.7
0.29461824893951416,1.5306748151779175,0.1828935185185185,-7.87059207141283e-07,5.356931751521188e-07,66.10823822021484,0.0008773658773861825,-9.012038935907185e-05,142,4.733333333333333
0.3012296259403229,1.570927381515503,0.1832253086419753,-2.0345362372609088e-07,2.4161630562957725e-07,59.539432525634766,0.0014514100039377809,0.0005698353634215891,143,4.766666666666667
0.3144272267818451,1.6332318782806396,0.18368055555555557,-2.8269221274968004e-07,2.68560796712336e-07,53.49003982543945,0.0010370524832978845,0.00012959714513272047,144,4.8
0.3371032774448395,1.7117632627487183,0.18520833333333334,-0.0003725228598341346,0.00047933487803675234,47.83300018310547,0.0011125715682283044,-0.00016634959320072085,145,4.833333333333333
0.34511512517929077,1.7427929639816284,0.1867283950617284,-0.00014147664478514344,0.0003842091537080705,47.177398681640625,0.0003289747692178935,7.950396684464067e-05,146,4.866666666666666
0.34588921070098877,1.7696120738983154,0.18584876543209877,-4.540631198324263e-05,0.0002621114836074412,49.705223083496094,0.00033314331085421145,-0.00012168703688075766,147,4.9
0.3495946526527405,1.7830722332000732,0.18635802469135804,-9.820528066484258e-05,9.445105388294905e-05,50.26921081542969,0.0006718545337207615,-0.0005294032744131982,148,4.933333333333334
0.3632347583770752,1.8376561403274536,0.18441358024691357,-0.0005001514218747616,4.530296791926958e-05,55.503299713134766,0.000588218797929585,-0.0005052274209447205,149,4.966666666666667
0.3684883415699005,1.8713972568511963,0.1849922839506173,-0.00019424388301558793,0.00011400163930375129,51.9625244140625,-0.0003808748151641339,0.0008541459683328867,150,5.0
0.3662084937095642,1.9079985618591309,0.18261574074074075,7.153056458264473e-08,8.468914529657923e-06,45.728233337402344,0.0005843367544002831,0.0007902423967607319,151,5.033333333333333
0.3687810003757477,1.9260280132293701,0.18065586419753085,-7.418823952320963e-05,2.6382280339021236e-05,53.2787971496582,-0.0003983356582466513,0.00039877035305835307,152,5.066666666666666
0.3828529417514801,1.9629030227661133,0.18146604938271604,-0.00023071636678650975,0.00022604965488426387,48.3723258972168,0.0005251383990980685,-0.0004148193693254143,153,5.1
0.3801053464412689,1.983298897743225,0.17992283950617283,-0.00020221120212227106,0.00020247836073394865,44.44227981567383,0.0007300687138922513,-0.00010674608347471803,154,5.133333333333334
0.3821951746940613,2.0144240856170654,0.1798611111111111,-1.346398192936249e-07,7.348779035964981e-05,42.394805908203125,0.0008823792450129986,-0.0007837924640625715,155,5.166666666666667
0.38608402013778687,2.017432451248169,0.18003858024691358,-2.9822700525983237e-05,0.0001904405653476715,46.349449157714844,0.0003974534338340163,-0.0007453211583197117,156,5.2
0.3947238624095917,2.052706241607666,0.17806327160493826,0.00014483832637779415,0.00024541158927604556,45.61555099487305,-0.00022370983788277954,-0.0013474246952682734,157,5.233333333333333
0.3947639465332031,2.0693891048431396,0.17872685185185186,-2.1072428353363648e-05,6.797742389608175e-05,54.34580612182617,0.0005886508151888847,0.00010354211553931236,158,5.266666666666667
0.3949818015098572,2.0888454914093018,0.17833333333333334,-6.412996299332008e-06,1.5289100474547013e-06,45.3066291809082,0.0006228004931472242,-0.002173204906284809,159,5.3
0.40122202038764954,2.1202950477600098,0.17840277777777777,-5.85936774655238e-08,6.427938933484256e-05,44.06526184082031,0.0010535678593441844,-0.002704896964132786,160,5.333333333333333
0.4116770923137665,2.116468667984009,0.18140432098765433,-2.6570469344733283e-06,9.994709398597479e-05,47.74768829345703,0.00036882978747598827,-0.0032012551091611385,161,5.366666666666666
0.40669795870780945,2.1259405612945557,0.17954475308641976,-0.00023345832596533,3.9089183701435104e-05,60.39173126220703,0.000490184233058244,-0.004382147453725338,162,5.4
0.4075548052787781,2.15701961517334,0.17912037037037037,-1.898687332868576e-05,-3.0865231792631675e-07,65.45960235595703,-0.00047320782323367894,-0.004639243241399527,163,5.433333333333334
0.41409704089164734,2.1919355392456055,0.1785108024691358,-4.872044883086346e-06,7.4790368671529e-05,70.77883911132812,-0.000689674518071115,-0.004894128534942865,164,5.466666666666667
0.43229028582572937,2.2691028118133545,0.1791435185185185,-4.664625885197893e-05,-5.5892247473821044e-05,79.02701568603516,-0.0024316334165632725,-0.005368409212678671,165,5.5
0.43795815110206604,2.302764892578125,0.17939814814814814,-0.00011290547263342887,0.00013990586739964783,71.29113006591797,-0.0014084653230383992,-0.005041153635829687,166,5.533333333333333
0.44262248277664185,2.3772950172424316,0.17820987654320988,-5.227800414786543e-08,4.7388692081540285e-08,74.70187377929688,-0.0012553244596347213,-0.0053106690756976604,167,5.566666666666666
0.45707494020462036,2.514777898788452,0.1726929012345679,-1.8299367354757123e-07,-4.886506843604366e-08,75.41606140136719,-0.00031781356665305793,-0.004222116898745298,168,5.6
0.4875072240829468,2.598191499710083,0.17580246913580247,-0.00020589472842402756,-0.0008531337371096015,74.02835083007812,2.9932916731922887e-06,-0.004451556596904993,169,5.633333333333334
0.49417391419410706,2.657703161239624,0.17780864197530863,-9.653798827002902e-08,1.2518182757048635e-07,77.16541290283203,-0.00045053023495711386,-0.004982395097613335,170,5.666666666666667
0.5048746466636658,2.7303946018218994,0.17829475308641976,1.1072234684661453e-08,7.597718365559558e-08,68.46788024902344,-0.0007973316824063659,-0.003297160379588604,171,5.7
0.5171954035758972,2.7298994064331055,0.1828858024691358,-3.029174422408687e-07,-6.404059149645036e-08,69.93425750732422,0.0005531784263439476,-0.002636285498738289,172,5.733333333333333
0.5211456418037415,2.6910502910614014,0.18585648148148148,6.111985567258671e-05,-4.2021492845378816e-05,68.5522232055664,2.3153297661338e-05,-0.0025981839280575514,173,5.766666666666667
0.537067711353302,2.7592148780822754,0.18781635802469135,7.399198511848226e-05,1.3644617865793407e-05,73.07720947265625,0.0005592680536210537,-0.0022708941251039505,174,5.8
0.5413210391998291,2.7485716342926025,0.19135802469135801,-4.361179890111089e-05,2.022097942244727e-05,77.98888397216797,0.0009630944696255028,-0.0006200525676831603,175,5.833333333333333
0.5571553111076355,2.7706243991851807,0.19497685185185185,-1.476129085631328e-07,0.00017235220002476126,61.93749237060547,0.0014494165079668164,-0.0007413045968860388,176,5.866666666666666
0.5424046516418457,2.7332205772399902,0.19075617283950616,-0.0005221874453127384,0.00039975298568606377,64.51947784423828,0.0011055771028622985,-0.0009055148693732917,177,5.9
0.5579355955123901,2.7897815704345703,0.19340277777777778,-0.0006779652321711183,0.00016292523650918156,81.61642456054688,0.0005284534418024123,-0.0016678888350725174,178,5.933333333333334
0.5453522801399231,2.7421698570251465,0.19386574074074073,-0.0002360547223361209,0.0002265427610836923,70.4022445678711,0.0002645776839926839,-0.00021051784278824925,179,5.966666666666667
0.5577706694602966,2.8166115283966064,0.19274691358024693,-0.0001318238500971347,1.0606911018840037e-05,42.831520080566406,-0.0009611781570129097,-0.0007632668712176383,180,6.0
0.5883228182792664,2.9879908561706543,0.1904320987654321,6.973038398427889e-05,0.0008308509713970125,352.60455322265625,-0.0014655838022008538,-0.0007514780736528337,181,6.033333333333333
0.6331811547279358,3.3014190196990967,0.18694444444444444,-1.1313136383250821e-06,0.00029877963243052363,17.2310733795166,4.9580987251829356e-05,-5.9410904214018956e-05,182,6.066666666666666
0.6542046666145325,3.4095611572265625,0.1872608024691358,-0.0003258765209466219,3.892819950124249e-05,125.3829116821289,0.001913539133965969,-0.00042839290108531713,183,6.1
0.6030712127685547,3.089010000228882,0.19003086419753087,-4.87240613438189e-05,0.00018268372514285147,112.91346740722656,0.0030923201702535152,-0.0008045932045206428,184,6.133333333333334
0.6050273180007935,3.0112903118133545,0.19411265432098765,-0.0001407894305884838,0.0007661816198378801,90.40869903564453,0.002283629961311817,-0.0010979680810123682,185,6.166666666666667
0.6221266388893127,3.065870523452759,0.1967206790123457,-0.00014450252638198435,0.0005366710247471929,11.164862632751465,0.0010316588450223207,-0.0019192150793969631,186,6.2
0.6070595979690552,2.9678237438201904,0.19910493827160494,2.792801979012438e-06,0.00010537192429183051,70.52970886230469,0.0011500928085297346,-0.0015713401371613145,187,6.233333333333333
0.6447429060935974,3.1075310707092285,0.201766975308642,-2.9347527743084356e-05,0.00026018754579126835,78.50013732910156,0.0008279363391920924,-0.0015290060546249151,188,6.266666666666667
0.670866847038269,3.181232452392578,0.20353395061728394,-0.00016565926489420235,0.0003317830851301551,72.80115509033203,0.0007344702025875449,-0.0016525317914783955,189,6.3
0.6783494353294373,3.2218708992004395,0.20381944444444444,-0.00010335541446693242,8.915866783354431e-05,56.84846496582031,0.0009159554028883576,-0.0021851840429008007,190,6.333333333333333
0.6782700419425964,3.1919853687286377,0.2057793209876543,-1.240848723682575e-05,0.0002218011359218508,73.0491943359375,0.0008289843681268394,-0.0011450157035142183,191,6.366666666666666
0.6777727007865906,3.1905691623687744,0.2047530864197531,-0.00010475004091858864,0.0004100973601453006,76.837646484375,0.00027299870271235704,-0.0009170661214739084,192,6.4
0.6869175434112549,3.2212090492248535,0.20415895061728395,-0.00023264122137334198,0.0006236138287931681,73.35369873046875,0.0004960666410624981,-0.0013309961650520563,193,6.433333333333334
0.6828708052635193,3.2209584712982178,0.20272376543209877,-0.0008154567913152277,0.00046731153270229697,66.52007293701172,0.0004506897821556777,-0.0015027940971776843,194,6.466666666666667
0.6705746650695801,3.253136157989502,0.19829475308641975,-8.478176823700778e-06,8.573572813475039e-06,65.23989868164062,0.00021652766736224294,-0.0016243227291852236,195,6.5
0.6675484776496887,3.238189697265625,0.1977469135802469,-8.191740619167831e-08,6.7576429501059465e-06,70.03519439697266,0.0001310607767663896,-0.0004686707106884569,196,6.533333333333333
0.6698147058486938,3.272081136703491,0.19368827160493826,-0.0003706050629261881,0.0007413699058815837,69.95323944091797,0.0007497814949601889,-0.0009591779671609402,197,6.566666666666666
0.662265419960022,3.2679171562194824,0.19430555555555556,5.114718533150153e-07,3.2495262303200434e-07,67.83592224121094,-0.0006609730189666152,-0.005720164626836777,198,6.6
0.6529754996299744,3.311668634414673,0.18991512345679012,5.2686486284869716e-09,3.341965566505678e-07,62.99189376831055,0.00016500483616255224,-0.00691660912707448,199,6.633333333333334
0.6627343893051147,3.3252792358398438,0.1916898148148148,-3.20106394724462e-08,3.377125494807842e-07,65.58521270751953,0.00023863055685069412,-0.00832830648869276,200,6.666666666666667
0.6741994619369507,3.3520777225494385,0.19273148148148148,7.096806803019717e-05,0.0002334635064471513,66.08141326904297,-0.0005388360004872084,-0.009198056533932686,201,6.7
0.689429521560669,3.4713797569274902,0.19098765432098766,-0.00010334685794077814,5.770222742285114e-06,68.11862182617188,-0.0017125284066423774,-0.008524901233613491,202,6.733333333333333
0.7101870179176331,3.60701584815979,0.1900077160493827,6.224286153155845e-07,3.2049938454292715e-05,62.65578079223633,-0.00209795031696558,-0.007501681800931692,203,6.766666666666667
0.7374016046524048,3.7123308181762695,0.19208333333333333,3.294074303994421e-06,8.664967026561499e-06,64.16819763183594,-0.0008984468877315521,-0.007078688126057386,204,6.8
0.7425388097763062,3.716485023498535,0.1929243827160494,-0.0001723786408547312,4.084157990291715e-05,60.95491409301758,-0.0012927550124004483,-0.006932228337973356,205,6.833333333333333
0.7466731667518616,3.682582378387451,0.1964506172839506,3.4810216220648726e-06,0.00011433013423811644,59.777305603027344,-0.0001890052080852911,-0.005313212983310223,206,6.866666666666666
0.7721752524375916,3.7265625,0.20202932098765433,-0.0002196644782088697,0.00020352902356535196,60.80453872680664,0.00014828235725872219,-0.005322868935763836,207,6.9
0.7816253304481506,3.750133514404297,0.2030324074074074,-0.00021905716857872903,4.5330878492677584e-05,46.04269027709961,0.00044831950799562037,-0.001331194071099162,208,6.933333333333334
0.7951703071594238,3.7955024242401123,0.2039506172839506,-0.00011773404548875988,0.0003441115841269493,33.99241256713867,0.0007975061307661235,-0.0017248683143407106,209,6.966666666666667
0.7904796600341797,3.7547593116760254,0.20496141975308643,-0.00016722579312045127,7.873635331634432e-05,47.03651809692383,0.001102306297980249,-0.0015981339383870363,210,7.0
0.8028061985969543,3.8184585571289062,0.20569444444444446,-8.883854025043547e-05,3.244925756007433e-05,37.35865020751953,-0.0007306720945052803,0.00024762304383330047,211,7.033333333333333
0.7831701040267944,3.767969846725464,0.20257716049382715,-0.00016727435286156833,2.923470310634002e-05,3.5319228172302246,-0.001351847080513835,-0.0014717727899551392,212,7.066666666666666
0.7833365797996521,3.990739345550537,0.19027006172839506,-0.0006326358998194337,9.052665700437501e-05,40.3686637878418,0.00050540262600407,-0.00034149514976888895,213,7.1
0.7947217226028442,4.010796546936035,0.19236882716049383,-0.0001807283260859549,0.0005072169005870819,52.17932891845703,0.0005696003790944815,-0.001098348875530064,214,7.133333333333334
0.7924249768257141,3.895902633666992,0.1985185185185185,-0.00027768046129494905,0.00025100004859268665,83.38923645019531,0.0024143620394170284,-0.0017941899131983519,215,7.166666666666667
0.8306360840797424,3.9765822887420654,0.20357253086419752,-4.2549225327093154e-05,0.00024112508981488645,21.66558265686035,0.0011113681830465794,-0.0017016230849549174,216,7.2
0.8261609077453613,3.8930411338806152,0.20593364197530864,-0.0006360459374263883,0.0010158433578908443,48.4559211730957,-0.0001751564850565046,-0.0017238480504602194,217,7.233333333333333
0.8734868168830872,4.004063129425049,0.21173611111111112,-0.00032744830241426826,0.0007587604923173785,55.75130844116211,0.0007483245572075248,-0.001904384233057499,218,7.266666666666667
0.8850685954093933,4.0852227210998535,0.21098765432098765,-0.000172518179169856,0.00014229347289074212,47.88051223754883,0.0008339856867678463,-0.0022084987722337246,219,7.3
0.893160343170166,4.01573371887207,0.21560185185185185,5.396019696490839e-05,0.000665222411043942,62.03647994995117,0.0007548202411271632,-0.0019109833519905806,220,7.333333333333333
0.9190714359283447,4.118539810180664,0.21546296296296297,0.00023893389152362943,0.0004415311850607395,54.934364318847656,0.0006562579656019807,-0.001736872480250895,221,7.366666666666666
0.9010795950889587,4.0595502853393555,0.21411265432098767,-0.00026364566292613745,0.000772376311942935,49.98170471191406,0.0003878115676343441,-0.0016024494543671608,222,7.4
0.8899154663085938,4.092341899871826,0.21053240740740742,-3.650545113487169e-05,2.9176671887398697e-06,53.76926040649414,-0.00020479492377489805,-0.0014652765821665525,223,7.433333333333334
0.8700491786003113,4.032635688781738,0.20844907407407406,-4.383687610243214e-06,5.2892399253323674e-05,49.52350616455078,-0.00039889293839223683,-0.0010801426833495498,224,7.466666666666667
0.8607173562049866,3.9483470916748047,0.20863425925925927,6.845867756055668e-05,3.349824692122638e-05,55.177398681640625,-0.0006531934486702085,-0.003079307032749057,225,7.5
0.8394821882247925,3.952421188354492,0.20482253086419752,2.7615969884209335e-06,-6.772494032247778e-08,51.327091217041016,0.000324287626426667,-0.007394382264465094,226,7.533333333333333
0.8324226140975952,3.9129817485809326,0.20588734567901235,3.8451247519333265e-08,7.876499807935033e-07,45.15732955932617,-0.0012577706947922707,-0.008083800785243511,227,7.566666666666666
0.8385607004165649,3.9870471954345703,0.20363425925925926,-5.1800633116272365e-08,9.71898117541059e-08,46.334617614746094,-0.0016147170681506395,-0.009499014355242252,228,7.6
0.8695659637451172,4.155975818634033,0.2016820987654321,6.994667637627572e-05,-0.0002770717837847769,41.54682159423828,-0.0009108877857215703,-0.00866653025150299,229,7.633333333333334
0.8979865908622742,4.298340320587158,0.20185185185185187,-0.00014748566900379956,0.00028215936617925763,46.86662292480469,-0.002421748824417591,-0.008684806525707245,230,7.666666666666667
0.9167833924293518,4.360832214355469,0.204429012345679,0.0001853333815233782,3.5425218811724335e-05,44.97046661376953,-0.0015147103695198894,-0.006430411245673895,231,7.7
0.934795618057251,4.4683427810668945,0.20395833333333332,-3.171319258399308e-05,0.00013890856644138694,45.60662078857422,-0.00024593822308816016,-0.00616985559463501,232,7.733333333333333
0.9587503671646118,4.499059677124023,0.2077854938271605,-0.00018937498680315912,0.0007512873271480203,25.772998809814453,0.0002239538443973288,-0.0007849241374060512,233,7.766666666666667
0.9564381837844849,4.489825248718262,0.20767746913580246,6.40476937405765e-05,2.1589039533864707e-05,21.098312377929688,0.00043879548320546746,-0.0023480048403143883,234,7.8
0.9589239954948425,4.480044364929199,0.20964506172839506,-7.583917636111437e-07,7.361642201431096e-05,35.141422271728516,0.001140347681939602,-0.0016099931672215462,235,7.833333333333333
0.9636915326118469,4.519129276275635,0.20856481481481481,-3.107665543211624e-05,1.923971012729453e-06,347.3318786621094,-0.0011485436698421836,-0.0009539063321426511,236,7.866666666666666
1.0298360586166382,4.980248928070068,0.20152777777777778,-0.00043343944707885385,0.0002765718090813607,346.7785339355469,-0.0005068111349828541,-0.000832017045468092,237,7.9
1.0618839263916016,5.286875247955322,0.19576388888888888,-0.0002286545786773786,0.0007443010108545423,112.38289642333984,0.00072068115696311,-0.0002213309344369918,238,7.933333333333334
0.965630829334259,4.6618146896362305,0.20239969135802469,-0.00019089333363808692,7.685976743232459e-05,71.01921844482422,0.001799582620151341,-0.0021185395307838917,239,7.966666666666667
0.9833398461341858,4.596523284912109,0.2085493827160494,-1.938818968483247e-05,0.0002666371874511242,30.985910415649414,0.0005876124487258494,-0.0017846053233370185,240,8.0
1.0418901443481445,4.763638019561768,0.21290895061728396,-0.0009162455098703504,0.0012890114448964596,59.819210052490234,0.00025648539303801954,-0.00247646844945848,241,8.033333333333333
1.0745846033096313,4.7780256271362305,0.2191743827160494,-0.00011259104212513193,0.0009582072962075472,57.82609939575195,3.824877057923004e-05,-0.0030265734530985355,242,8.066666666666666
1.0926082134246826,4.842040538787842,0.21993055555555555,-5.71644413867034e-05,0.00023423598031513393,60.38752365112305,7.653002830920741e-05,-0.002020230982452631,243,8.1
1.098391056060791,4.7182769775390625,0.22693672839506174,1.0582442655504565e-07,0.00024228959227912128,56.942562103271484,0.00109985307790339,-0.0012722647516056895,244,8.133333333333333
1.0774853229522705,4.690282821655273,0.2228780864197531,-0.0003458525170572102,0.000765698030591011,50.178810119628906,-2.73976747848792e-05,-0.0022028684616088867,245,8.166666666666666
1.0474776029586792,4.623406410217285,0.21975308641975308,-6.715497875120491e-05,0.0005134836537763476,50.91402816772461,-7.068548438837752e-05,-0.0014612433733418584,246,8.2
1.0238072872161865,4.566176414489746,0.2179243827160494,-4.593068297253922e-06,0.00015823780267965049,48.50043487548828,-0.00019668997265398502,-0.0007597529329359531,247,8.233333333333333
1.005751371383667,4.544244766235352,0.21486882716049382,3.761895641218871e-05,0.00023992641945369542,57.700477600097656,0.0003192855219822377,-0.00567058939486742,248,8.266666666666667
1.0226157903671265,4.4914326667785645,0.21959104938271604,-0.0008637056453153491,0.0014421490486711264,58.402130126953125,-0.001050370279699564,-0.007364663295447826,249,8.3
1.0365798473358154,4.638898849487305,0.21650462962962963,-0.0002583933819551021,0.00027998178848065436,52.96584701538086,-0.0016611333703622222,-0.009698641486465931,250,8.333333333333334
1.0562756061553955,4.832533836364746,0.2129783950617284,2.835781831578288e-09,3.186677588473685e-08,58.8527946472168,-0.0016632196493446827,-0.00886896625161171,251,8.366666666666667
1.0809820890426636,5.099721431732178,0.20722993827160494,-8.400371598327183e-08,1.729411565065675e-07,64.59568786621094,-0.0020141464192420244,-0.008421494625508785,252,8.4
1.1304243803024292,5.376908779144287,0.2047608024691358,-0.00042535108514130116,0.0005127422627992928,65.05899047851562,-0.0017025903798639774,-0.00869771372526884,253,8.433333333333334
1.100623369216919,5.118134498596191,0.21001543209876544,-6.67980348225683e-05,6.36586410109885e-05,64.47486114501953,-0.000603893306106329,-0.0023373831063508987,254,8.466666666666667
1.0968786478042603,5.099125862121582,0.21081018518518518,-0.00013937230687588453,0.00025330280186608434,64.3947982788086,0.00029497421928681433,-0.0024302389938384295,255,8.5
1.0803416967391968,4.986049652099609,0.21261574074074074,-8.62338492879644e-05,-1.6877730502073973e-07,55.81422805786133,0.0004870541160926223,-0.0016316045075654984,256,8.533333333333333
1.082883358001709,5.091713905334473,0.2085570987654321,-3.381710848771036e-05,0.00027646980015560985,347.8352966308594,-0.0009492068784311414,-0.002071009250357747,257,8.566666666666666
1.2379995584487915,5.907031059265137,0.20488425925925927,0.00010626475705066696,0.0008314937585964799,11.795485496520996,0.0011530014453455806,-0.000447206140961498,258,8.6
1.1030070781707764,5.388046741485596,0.20003086419753086,-0.00040498876478523016,0.00021182591444812715,122.67103576660156,0.0012557728914543986,-0.002262340858578682,259,8.633333333333333
1.0993120670318604,5.130978584289551,0.2099537037037037,-7.360914082710224e-07,0.00011002666724380106,44.42736053466797,0.0012015667743980885,-0.0025961543433368206,260,8.666666666666666
1.1462950706481934,5.2741594314575195,0.21294753086419754,-4.124140104977414e-05,0.00040923862252384424,68.2600326538086,-0.00015972078836057335,-0.002501636277884245,261,8.7
1.208815574645996,5.3792619705200195,0.2191820987654321,-0.0003047045902349055,0.0007035196758806705,57.20592498779297,0.0006677178898826241,-0.003020311938598752,262,8.733333333333333
1.2285373210906982,5.398977279663086,0.22229938271604938,-0.00022420368622988462,0.0001279572315979749,57.71376419067383,0.00038271755329333246,-0.0023590459022670984,263,8.766666666666667
1.2190154790878296,5.319996356964111,0.2238425925925926,-0.0001111716846935451,0.0002180672890972346,51.70173645019531,0.000621731742285192,-0.0025060432963073254,264,8.8
1.1831233501434326,5.156550884246826,0.22365740740740742,-6.454875983763486e-05,0.0003098799497820437,45.17765426635742,-0.0003491444222163409,-0.001237996038980782,265,8.833333333333334
1.148019790649414,5.105885028839111,0.21861111111111112,-0.0001729141513351351,0.0010020592017099261,52.03688430786133,0.00017723612836562097,-0.0010687335161492229,266,8.866666666666667
1.124118447303772,5.082592487335205,0.215054012345679,2.718248106248211e-05,0.0003127790696453303,51.323577880859375,0.0002425551210762933,-0.0065735275857150555,267,8.9
1.1049660444259644,4.983612060546875,0.216141975308642,-2.976686300826259e-05,0.00014435380580835044,59.006614685058594,-0.0005489960894919932,-0.010949285700917244,268,8.933333333333334
1.124805212020874,5.132917404174805,0.21324845679012347,0.000188522957614623,-2.043789572780952e-05,55.63551330566406,-0.0022600030060857534,-0.011672332882881165,269,8.966666666666667
1.1669542789459229,5.407855987548828,0.2098996913580247,-0.00014723830099683255,-6.863985618110746e-05,54.64874267578125,-0.0017486007418483496,-0.011012056842446327,270,9.0
1.157472014427185,5.410070896148682,0.20878858024691357,-0.0001838665921241045,-9.337428491562605e-05,49.100677490234375,-0.0017724556382745504,-0.009402281604707241,271,9.033333333333333
1.2034640312194824,5.646083354949951,0.20906635802469137,-5.12155493197497e-05,4.44247925770469e-05,53.017940521240234,-0.0003695831401273608,-0.007670524064451456,272,9.066666666666666
1.2468791007995605,5.726592063903809,0.2136574074074074,7.41874009690946e-06,8.522560528945178e-05,56.389503479003906,0.0002247863740194589,-0.00029815916786901653,273,9.1
1.2100516557693481,5.508239269256592,0.2152932098765432,0.0004187531885690987,0.0005028741434216499,50.837093353271484,0.0007180599495768547,-0.003309785621240735,274,9.133333333333333
1.1781699657440186,5.371002197265625,0.21512345679012346,-0.00021624783403240144,0.00015254160098265857,1.5715405941009521,-0.0005165899056009948,-0.002307092770934105,275,9.166666666666666
1.3320274353027344,6.316091537475586,0.20743055555555556,-3.105889481958002e-05,9.061938908416778e-05,6.78249979019165,0.0008168898057192564,-0.00018171314150094986,276,9.2
1.2102981805801392,5.893786430358887,0.20136574074074073,3.85921475754003e-06,0.00033628492383286357,108.15266418457031,0.0008588487398810685,-0.0010955830803140998,277,9.233333333333333
1.2135860919952393,5.550503730773926,0.21306327160493826,-6.822212162660435e-05,0.0018115121638402343,37.210723876953125,0.0010407179361209273,-0.0021813155617564917,278,9.266666666666667
1.2747632265090942,5.753528594970703,0.21728395061728395,-6.229061000340153e-08,1.7698815213407215e-07,80.29801177978516,0.0007182511617429554,-0.002624520333483815,279,9.3
1.292913794517517,5.675323009490967,0.22307098765432098,-4.8959442210616544e-05,8.286082447739318e-05,78.99018096923828,0.0009885352337732911,-0.0029980686958879232,280,9.333333333333334
1.2899322509765625,5.627717018127441,0.2229861111111111,-0.001110419281758368,0.0016996619524434209,76.52836608886719,-0.00016669827164150774,-0.0024535206612199545,281,9.366666666666667
1.269911766052246,5.4177117347717285,0.22818672839506174,-2.142314042430371e-05,-6.176672468427569e-05,71.43148803710938,0.0003199304628651589,-0.0018758161459118128,282,9.4
1.245550513267517,5.604819297790527,0.21645833333333334,-9.780158052308252e-07,0.000535421771928668,69.46721649169922,0.0005822501261718571,-0.0022182960528880358,283,9.433333333333334
1.209362506866455,5.403257846832275,0.21866512345679012,-0.00015357435040641576,2.8195238428452285e-06,67.66435241699219,0.0003985301300417632,-0.004941693972796202,284,9.466666666666667
1.1874268054962158,5.401288986206055,0.2140277777777778,-3.34217183990404e-05,0.00010060185741167516,66.18460083007812,0.00034140123170800507,-0.012779124081134796,285,9.5
1.2392988204956055,5.591166973114014,0.21565586419753086,-0.0002187343779951334,0.0003978799213655293,56.223724365234375,-0.001389973098412156,-0.01411477942019701,286,9.533333333333333
1.2611793279647827,5.8665547370910645,0.209945987654321,-7.939428905956447e-05,7.80458576628007e-05,59.25426483154297,-0.0012010280042886734,-0.013932265341281891,287,9.566666666666666
1.264257788658142,5.883863925933838,0.21065586419753085,-4.266612813808024e-05,1.1811551303253509e-05,45.36602783203125,-0.0023986564483493567,-0.011629395186901093,288,9.6
1.3145520687103271,6.014945983886719,0.21432870370370372,7.731592859272496e-07,0.00018733485194388777,44.186676025390625,-0.0014159312704578042,-0.009947613812983036,289,9.633333333333333
1.3341355323791504,6.003437519073486,0.21772376543209876,-0.000421952863689512,0.00043129961704835296,27.04414176940918,0.0002924580476246774,-0.001409795368090272,290,9.666666666666666
1.3190513849258423,5.902453422546387,0.21936728395061728,-8.608409552834928e-05,0.00027578166918829083,43.45158386230469,0.0004948559799231589,-0.0027545199263840914,291,9.7
1.2939233779907227,5.8610005378723145,0.21689814814814815,-0.00021725645638071,2.499334550520871e-05,2.782780170440674,-0.0003917714348062873,-0.002994971815496683,292,9.733333333333333
1.3373876810073853,6.274957180023193,0.2090354938271605,-0.00014958503015805036,0.0002018618251895532,358.69091796875,-0.00045893804053775966,-0.001386697287671268,293,9.766666666666667
1.2959400415420532,6.093825340270996,0.20750771604938273,-0.0007583185797557235,0.00042763020610436797,17.761545181274414,0.0006388949113897979,-0.002724801190197468,294,9.8
1.318792462348938,5.852600574493408,0.2208101851851852,-5.1650917157530785e-05,0.000330138806020841,48.42771911621094,0.000162121097673662,-0.0018135762074962258,295,9.833333333333334
1.3842982053756714,6.094803810119629,0.22266203703703705,-0.00010749615466920659,0.00036544050090014935,59.056156158447266,0.0006873281672596931,-0.0024363193660974503,296,9.866666666666667
1.396621823310852,6.022701740264893,0.22702932098765433,-0.0001896290632430464,0.0004658277612179518,59.32687759399414,0.00027633950230665505,-0.0034285709261894226,297,9.9
1.4207861423492432,6.018069744110107,0.23046296296296295,-0.0004146674764342606,0.0007553794421255589,48.14836502075195,0.0008455825154669583,-0.002033150289207697,298,9.933333333333334
1.3594982624053955,5.842562675476074,0.22722993827160493,-1.075556156138191e-05,0.00011929518223041669,47.15309524536133,-0.00015889990027062595,-0.0021699366625398397,299,9.966666666666667
1.312455654144287,5.773634910583496,0.2217824074074074,-4.8804293328430504e-05,0.00024205469526350498,39.566837310791016,-4.251948121236637e-05,-0.003604202065616846,300,10.0
1.2745312452316284,5.674659729003906,0.21890432098765433,0.00013552524615079165,0.0004186788573861122,37.94795608520508,3.188909249729477e-05,-0.011931927874684334,301,10.033333333333333
1.305518388748169,5.676116466522217,0.22444444444444445,0.00045660766772925854,-6.844132440164685e-05,25.19761085510254,-0.002940516220405698,-0.013209100812673569,302,10.066666666666666
1.3301210403442383,5.912827491760254,0.21993827160493828,0.00021209429542068392,2.992970621562563e-05,33.390472412109375,-0.002345372922718525,-0.012785891070961952,303,10.1
1.3528674840927124,6.245701789855957,0.21238425925925927,5.975938984192908e-05,0.0001307181955780834,27.4735107421875,-0.0019419369054958224,-0.01033470593392849,304,10.133333333333333
1.4073861837387085,6.341824054718018,0.21796296296296297,-6.622781802434474e-05,0.0005566580221056938,28.69565773010254,-0.0006000277935527265,-0.003399037756025791,305,10.166666666666666
1.4004535675048828,6.249669551849365,0.21987654320987654,-0.00041536943172104657,0.00021385033323895186,32.795867919921875,0.00016786810010671616,-0.0040452806279063225,306,10.2
1.3684724569320679,6.195627689361572,0.2169675925925926,-1.014011445477081e-06,-8.359448600003816e-08,337.82501220703125,-0.0003532112168613821,-0.0030740108340978622,307,10.233333333333333
1.5133624076843262,7.063112258911133,0.2106712962962963,-5.626754500553943e-06,9.908122819979326e-07,343.50604248046875,-3.35377044393681e-05,6.37434350210242e-05,308,10.266666666666667
1.3944721221923828,6.547260284423828,0.2078317901234568,-0.0015670100692659616,0.0007826450746506453,73.08074188232422,0.0003836043179035187,-0.0023673074319958687,309,10.3
1.3989672660827637,6.212653636932373,0.22022376543209876,1.856909875641577e-05,0.0010062168585136533,51.23704528808594,0.0005277575692161918,-0.0026085241697728634,310,10.333333333333334
1.5024105310440063,6.608508586883545,0.2228858024691358,-0.00024208088871091604,0.0005706066731363535,67.38262939453125,0.00015676258772145957,-0.0026254646945744753,311,10.366666666666667
1.5468839406967163,6.535405158996582,0.23242283950617285,-1.1725453674671371e-07,0.00023560444242320955,54.931968688964844,0.0009194198064506054,-0.0037127903196960688,312,10.4
1.5289952754974365,6.430966377258301,0.233125,-9.311438770964742e-05,0.0003230251313652843,49.384666442871094,-4.966568212694256e-06,-0.002187199192121625,313,10.433333333333334
1.4795528650283813,6.308488845825195,0.22915895061728395,-0.00017013214528560638,0.0003980135661549866,50.232139587402344,0.0002736008318606764,-0.0019176751375198364,314,10.466666666666667
1.4163084030151367,6.095999717712402,0.22723765432098766,0.00016186662833206356,0.0004326038178987801,48.775367736816406,6.0117039538454264e-05,-0.0033584507182240486,315,10.5
1.3989187479019165,6.102815628051758,0.22449845679012345,-6.830060738138855e-05,0.00012707574933301657,62.657127380371094,-0.0006491144886240363,-0.011419171467423439,316,10.533333333333333
1.4207701683044434,6.201162815093994,0.2242901234567901,0.00013341961312107742,0.0002319019113201648,52.46055221557617,-0.003258769866079092,-0.0130916777998209,317,10.566666666666666
1.4774296283721924,6.549570083618164,0.2209104938271605,-0.0001343673502560705,6.297188519965857e-05,53.1170539855957,-0.002084536012262106,-0.011674383655190468,318,10.6
1.4577968120574951,6.6717963218688965,0.21453703703703703,2.0141133063589223e-06,-3.756215301109478e-05,58.79440689086914,-0.0013807601062580943,-0.010023795068264008,319,10.633333333333333
1.517183780670166,6.725044250488281,0.2220601851851852,-0.00017876742640510201,0.00017976548406295478,75.19666290283203,-0.00022820795129518956,-0.0031339433044195175,320,10.666666666666666
1.4421406984329224,6.588827610015869,0.2148456790123457,-7.80093832872808e-05,9.039477299666032e-05,89.65289306640625,0.0005508124595507979,-0.0034935874864459038,321,10.7
1.561068058013916,7.035008907318115,0.2178240740740741,-0.0005626340862363577,0.0010871707927435637,16.64609146118164,-0.0006340218824334443,-0.002017594175413251,322,10.733333333333333
1.5227742195129395,7.0514912605285645,0.21199845679012347,-0.00019908850663341582,0.0006969491951167583,61.13680648803711,-2.662443421286298e-06,-0.0022403423208743334,323,10.766666666666667
1.453006625175476,6.492384910583496,0.21947530864197531,-0.00031826694612391293,0.00020957321976311505,48.870384216308594,0.001440182444639504,-0.003070688107982278,324,10.8
1.5916697978973389,6.971158504486084,0.22418981481481481,-0.0009710020385682583,0.0016000986797735095,72.62263488769531,0.00017406677943654358,-0.0033372249454259872,325,10.833333333333334
1.6371891498565674,6.985962390899658,0.2297608024691358,-0.00020926646539010108,0.002060328610241413,55.77177810668945,0.0005841937963850796,-0.0042092325165867805,326,10.866666666666667
1.6202869415283203,6.8448405265808105,0.23208333333333334,1.5095962226041593e-05,0.00014931256009731442,49.513511657714844,0.0006129306857474148,-0.0019441050244495273,327,10.9
1.5399256944656372,6.662815093994141,0.2263503086419753,-8.186831837520003e-05,0.0002798957284539938,47.675086975097656,0.0002130935317836702,-0.002660705242305994,328,10.933333333333334
1.4681475162506104,6.477940082550049,0.2216743827160494,9.827721805777401e-05,0.0003758120001293719,50.46196365356445,0.00016624214185867459,-0.006782968994230032,329,10.966666666666667
1.4696464538574219,6.462379455566406,0.22229938271604938,-0.00031853141263127327,0.00045200384920462966,67.43547058105469,-0.00041027128463611007,-0.015090003609657288,330,11.0
1.4968501329421997,6.597998142242432,0.22266203703703705,-2.4797955120448023e-06,-0.00022339302813634276,56.75506591796875,-0.0022438950836658478,-0.01500176452100277,331,11.033333333333333
1.5181705951690674,6.704737186431885,0.22252314814814814,4.236122185830027e-05,0.00015722608077339828,39.26710510253906,-0.0015123762423172593,-0.011535012163221836,332,11.066666666666666
1.5832985639572144,7.170150279998779,0.21690586419753086,-9.090427920455113e-05,0.00033495022216811776,54.506038665771484,-0.0018365902360528708,-0.009569880552589893,333,11.1
1.6180124282836914,7.10015869140625,0.22375,-0.00019118719501420856,2.7530260922503658e-05,62.16657638549805,-0.00014092410856392235,-0.0035872983280569315,334,11.133333333333333
1.5159211158752441,6.661229610443115,0.223804012345679,3.912190038590779e-08,8.140531235767412e-07,359.9136047363281,0.00010246878082398325,-0.0028817327693104744,335,11.166666666666666
1.6941524744033813,7.753066539764404,0.21535493827160493,-1.0591158883244134e-07,3.203615278835059e-06,8.808238983154297,0.0001400725159328431,-0.000840705179143697,336,11.2
1.5588160753250122,7.167527675628662,0.2124614197530864,-0.001189942704513669,0.0012710492592304945,39.20929718017578,0.0002648814406711608,-0.003172085853293538,337,11.233333333333333
1.6315902471542358,7.147558689117432,0.2246682098765432,5.584675122349836e-08,1.6521860288776224e-06,77.07029724121094,0.0005571588408201933,-0.0028331384528428316,338,11.266666666666667
1.624456763267517,6.987900733947754,0.22859567901234568,-1.6306483985317755e-07,6.220507771104167e-07,75.03695678710938,0.0004974047769792378,-0.00403728848323226,339,11.3
1.6324580907821655,6.909457683563232,0.2320679012345679,-1.2735026189147902e-07,1.0079495496029267e-06,71.74005126953125,0.0007917503244243562,-0.002624631393700838,340,11.333333333333334
1.5820908546447754,6.77841329574585,0.22866512345679013,-0.00045394827611744404,0.001052644569426775,71.82906341552734,-0.00046709657181054354,-0.0028509339317679405,341,11.366666666666667
1.5364238023757935,6.68488883972168,0.22513117283950618,-2.8530052077258006e-05,0.000537614687345922,58.94629669189453,0.0003284815466031432,-0.006625383161008358,342,11.4
1.5349624156951904,6.7299323081970215,0.22365740740740742,8.543252624804154e-05,0.0002212907129433006,67.27137756347656,-0.0008002262329682708,-0.015471131540834904,343,11.433333333333334
1.5714675188064575,6.912606239318848,0.22324845679012345,0.00017647459753789008,0.0004554400802589953,52.133148193359375,-0.002750824671238661,-0.017484135925769806,344,11.466666666666667
1.6021721363067627,6.972643852233887,0.22560185185185186,-0.00011895129864569753,0.00016976051847450435,41.276641845703125,-0.002493596635758877,-0.013818774372339249,345,11.5
1.6599148511886597,7.242081165313721,0.22528549382716048,-4.4103118852945045e-05,-7.971771992743015e-05,34.90518569946289,-0.002042333362624049,-0.01031844038516283,346,11.533333333333333
1.637777328491211,7.225581169128418,0.22322530864197532,-2.838648288161494e-05,0.00017794128507375717,29.70890998840332,-0.00023830610734876245,-0.004198488779366016,347,11.566666666666666
1.5973148345947266,7.031461715698242,0.22327932098765432,-0.00026561017148196697,0.00032849085982888937,7.731199264526367,-0.00027620006585493684,-0.0036335396580398083,348,11.6
1.653419017791748,7.469087600708008,0.2176003086419753,-0.0002876095240935683,0.00013604042760562152,2.265454053878784,-0.0006911867531016469,-0.0019310795469209552,349,11.633333333333333
1.5934784412384033,7.090005874633789,0.22051697530864198,-0.000268474715994671,0.0007105536642484367,6.725428581237793,0.00013335116091184318,-0.003999634180217981,350,11.666666666666666
1.7036889791488647,7.385186195373535,0.2266820987654321,-0.0002474845969118178,0.00018477934645488858,63.8843879699707,0.00043747195741161704,-0.0026278484147042036,351,11.7
1.7060259580612183,7.207230567932129,0.23261574074074073,-6.650775321759284e-05,0.00024794149794615805,66.853515625,1.3242808563518338e-05,-0.0028943950310349464,352,11.733333333333333
1.7107255458831787,7.25200891494751,0.2313966049382716,-0.0002740150666795671,9.114792919717729e-05,53.287445068359375,-0.00033762582461349666,-0.0023538984823971987,353,11.766666666666667
1.6363874673843384,7.052058219909668,0.22741512345679013,-1.4879133232170716e-05,0.00018247656407766044,45.21856689453125,-0.00010811669926624745,-0.0034313404466956854,354,11.8
1.5915582180023193,6.813045978546143,0.22914351851851852,3.04207190993111e-07,3.496914359857328e-05,44.91244125366211,0.00025572202866896987,-0.010523045435547829,355,11.833333333333334
1.5836060047149658,6.767014026641846,0.2295679012345679,-0.00014362773799803108,-0.00010164707782678306,27.339553833007812,-0.002017389750108123,-0.016299935057759285,356,11.866666666666667
1.638946771621704,7.000026702880859,0.23000771604938272,0.00011981336865574121,0.00032149540493264794,24.670211791992188,-0.0022049532271921635,-0.014774476177990437,357,11.9
1.6437506675720215,7.399899959564209,0.21820987654320986,2.7816648071166128e-05,0.00017734077118802816,17.73401641845703,-0.0025064146611839533,-0.011554865166544914,358,11.933333333333334
1.7221832275390625,7.5110907554626465,0.2260570987654321,-5.768715709564276e-05,1.4184663086780347e-05,75.15631866455078,6.934970588190481e-05,-0.0028470545075833797,359,11.966666666666667
1.6757385730743408,7.271158218383789,0.22686728395061728,6.35516289548832e-06,6.207622936926782e-05,333.20684814453125,-0.0007173385238274932,-0.0034539084881544113,360,12.0
1.809108018875122,8.17772102355957,0.21766975308641975,-0.00028403731994330883,0.000956884294282645,338.2119445800781,-0.0004178787930868566,-0.0017608610214665532,361,12.033333333333333
1.6940683126449585,7.584614276885986,0.2192824074074074,-0.00027815031353384256,0.000506908050738275,27.459352493286133,-0.0007231860072351992,-0.0046201846562325954,362,12.066666666666666
1.7755374908447266,7.597431659698486,0.2300925925925926,-2.108337184836273e-07,8.256040746346116e-05,59.9138298034668,0.00017866803682409227,-0.003214096650481224,363,12.1
1.819541573524475,7.590296268463135,0.23624228395061728,-2.1879545784031507e-06,1.7152695363620296e-05,57.228145599365234,9.248270362149924e-05,-0.004281032830476761,364,12.133333333333333
1.846051573753357,7.5220417976379395,0.24051697530864197,-0.00041871238499879837,0.002354774158447981,49.90611267089844,0.0006871061632409692,-0.002214941196143627,365,12.166666666666666
1.7350258827209473,7.229796409606934,0.23592592592592593,-8.380079918879346e-08,2.1383043531386647e-06,49.81264114379883,-0.00037252885522320867,-0.0020666117779910564,366,12.2
1.6792300939559937,7.067780494689941,0.2336188271604938,7.981159200198817e-08,9.073637556866743e-07,55.05147171020508,-0.0002355045435251668,-0.009187594056129456,367,12.233333333333333
1.7012600898742676,7.2462477684021,0.2309645061728395,7.914078992143914e-08,-3.305289624222496e-07,50.413841247558594,-0.002136833965778351,-0.015135958790779114,368,12.266666666666667
1.7334476709365845,7.471155166625977,0.2280864197530864,9.955908171832561e-05,0.0005952280480414629,43.606449127197266,-0.0018762003164738417,-0.013550826348364353,369,12.3
1.7256332635879517,7.639159202575684,0.22223765432098766,-0.00032300211023539305,5.862867692485452e-05,70.62303161621094,-0.0026606088504195213,-0.010486597195267677,370,12.333333333333334
1.7835068702697754,7.732070446014404,0.22746141975308642,-5.9369798691477627e-05,3.981816553277895e-05,96.31978607177734,-0.0008122122962959111,-0.004057076759636402,371,12.366666666666667
1.7467734813690186,7.483781337738037,0.23021604938271606,-8.71429961080139e-07,6.147789827082306e-05,3.322782278060913,-5.7435769122093916e-05,-0.0032852732110768557,372,12.4
1.905914545059204,8.479992866516113,0.22151234567901235,-0.0002879816456697881,0.0003365050652064383,10.323026657104492,-0.0008679204038344324,-0.001486052293330431,373,12.433333333333334
1.7161775827407837,7.662662029266357,0.219945987654321,-0.00017406113329343498,0.0003870132495649159,92.04319763183594,0.00010335374099668115,-0.004827963188290596,374,12.466666666666667
1.8583966493606567,7.957720756530762,0.22986882716049384,-0.00018840571283362806,0.00021843070862814784,79.6372299194336,0.0006731927278451622,-0.0028775788377970457,375,12.5
1.8858567476272583,7.84775972366333,0.23650462962962962,-0.000169515231391415,0.00030933489324525,57.14129638671875,0.0006538932211697102,-0.0027564389165490866,376,12.533333333333333
1.8502601385116577,7.673418045043945,0.23703703703703705,-0.00016782501188572496,0.0009828336769714952,51.1412239074707,0.00021490654035005718,-0.002328248927369714,377,12.566666666666666
1.7529717683792114,7.454115867614746,0.2310185185185185,-0.00013868618407286704,0.00023263526964001358,56.1064567565918,-0.0007865339866839349,-0.0021539407316595316,378,12.6
1.732698678970337,7.455784797668457,0.22844135802469137,-5.178340506972745e-05,0.0002650783280842006,56.716148376464844,-0.001017100876197219,-0.015938160941004753,379,12.633333333333333
1.7702819108963013,7.6860504150390625,0.22655092592592593,-2.735734128123113e-08,-9.256251587430597e-07,50.14631271362305,-0.0033298495691269636,-0.01679041236639023,380,12.666666666666666
1.7785718441009521,7.8130364418029785,0.2239429012345679,-0.0005289736436679959,0.0001506602857261896,39.91271209716797,-0.0029083590488880873,-0.013175861909985542,381,12.7
1.9047168493270874,8.338240623474121,0.22503086419753088,4.485063982428983e-05,0.0006504663033410907,87.92013549804688,-6.109689275035635e-05,-0.002247842960059643,382,12.733333333333333
1.7900502681732178,7.687043190002441,0.22952160493827162,-0.00021764211123809218,-5.033516004004923e-07,25.539165496826172,0.00015850704221520573,-0.003081144765019417,383,12.766666666666667
1.8985390663146973,8.38300609588623,0.2233179012345679,-5.1311751292359986e-08,4.590731259668246e-05,11.719931602478027,-0.0007416207809001207,-0.0017300024628639221,384,12.8
1.8007631301879883,8.015998840332031,0.22080246913580248,-0.00021090575319249183,0.00021582748740911484,48.0981330871582,-0.00043986542732454836,-0.0038163289427757263,385,12.833333333333334
1.895479679107666,8.008365631103516,0.2330787037037037,-5.7134417147608474e-05,0.0004463093064259738,81.05601501464844,6.516973371617496e-05,-0.0032410079147666693,386,12.866666666666667
1.870961308479309,7.770400047302246,0.2369675925925926,-3.348940822434088e-07,0.0002462869160808623,87.76812744140625,-0.0002970632049255073,-0.003512163646519184,387,12.9
1.8283487558364868,7.535824775695801,0.23882716049382716,-6.7347806179896e-05,0.0001968071737792343,84.36068725585938,0.0001505844120401889,-0.0027505909092724323,388,12.933333333333334
1.7670111656188965,7.473005771636963,0.23218364197530864,6.517881411127746e-05,0.0005452446639537811,62.28145217895508,-0.00040854266262613237,-0.0008880837121978402,389,12.966666666666667
1.795708179473877,7.649617671966553,0.23037037037037036,-0.0002703159989323467,0.00035261971061117947,61.65184020996094,0.000250673241680488,-0.017247717827558517,390,13.0
1.8250113725662231,7.812205791473389,0.23023148148148148,9.981027560002076e-09,-2.204794782301178e-06,47.98238754272461,-0.0029329105746001005,-0.019031984731554985,391,13.033333333333333
1.8412953615188599,7.99409818649292,0.22724537037037038,-3.4015715755231213e-07,-1.350807679045829e-06,40.93779373168945,-0.0032683226745575666,-0.015656728297472,392,13.066666666666666
1.9159905910491943,8.314103126525879,0.22656635802469136,-0.0003964008647017181,-4.266572796041146e-05,41.60047912597656,0.0002722417702898383,-0.0034427857026457787,393,13.1
1.859261393547058,7.9693474769592285,0.2302469135802469,1.2630632539867293e-08,1.3291305549500976e-06,2.7389748096466064,0.0001619466784177348,-0.003641526447609067,394,13.133333333333333
1.8726108074188232,8.177738189697266,0.22597993827160495,-3.885910615508692e-08,2.559498284426809e-07,5.609467506408691,-0.0004721508012153208,-0.0032815018203109503,395,13.166666666666666
1.8452531099319458,8.073067665100098,0.22532407407407407,-2.4627740913274465e-07,1.1584926085106417e-07,7.582310199737549,-0.00021889271738473326,-0.004175118636339903,396,13.2
1.9419751167297363,8.171890258789062,0.2338888888888889,-3.6267600080464035e-05,0.00040415278635919094,59.67948532104492,0.0008903044508770108,-0.0033768033608794212,397,13.233333333333333
1.941516399383545,7.851329803466797,0.24328703703703702,-9.538709127809852e-05,0.0003484238695818931,66.98216247558594,0.0004042877408210188,-0.0024402893614023924,398,13.266666666666667
1.9255809783935547,7.826605796813965,0.24229166666666666,1.399555640091421e-05,0.0005373625317588449,55.221153259277344,0.00043007422937080264,-0.002763096010312438,399,13.3
1.8326034545898438,7.674160003662109,0.23484567901234568,-0.00011943619028897956,0.0004994049086235464,40.82819366455078,-0.0004579541855491698,-0.0015539188170805573,400,13.333333333333334
1.8197706937789917,7.565408706665039,0.23647376543209878,-0.0001749263028614223,3.839054625132121e-05,24.221986770629883,-0.000885946792550385,-0.01649373210966587,401,13.366666666666667
1.8394865989685059,7.837810039520264,0.2313888888888889,-0.0001303010358242318,-8.53991587064229e-05,20.304439544677734,-0.0019350280053913593,-0.016335465013980865,402,13.4
1.8293873071670532,8.017974853515625,0.22512345679012347,1.0059180567623116e-05,0.00012784425052814186,23.010513305664062,-0.0034924657084047794,-0.013646666891872883,403,13.433333333333334
1.9393779039382935,8.354214668273926,0.2292283950617284,-4.4101565435994416e-05,0.00022472121054306626,43.54397964477539,-0.0006073940894566476,-0.0033935161773115396,404,13.466666666666667
1.9279940128326416,8.11380386352539,0.23431327160493828,-0.00030149397207424045,0.00014434469630941749,337.8009948730469,0.00014668979565612972,-0.0035399345215409994,405,13.5
2.0043869018554688,8.624275207519531,0.22929012345679012,-0.0002215811691712588,0.00027788651641458273,337.6254577636719,0.00024045995087362826,-0.0018872281070798635,406,13.533333333333333
1.8919979333877563,8.047639846801758,0.23158179012345678,-0.00016446893278043717,0.00030292419251054525,59.21223068237305,0.00018523594189900905,-0.004244140814989805,407,13.566666666666666
2.0224449634552,8.25151538848877,0.24162808641975309,-0.00016318686539307237,0.0004117223434150219,72.28495025634766,-0.00021782622206956148,-0.004019173327833414,408,13.6
2.0598104000091553,8.292508125305176,0.2446141975308642,-0.00020200549624860287,0.0006072125397622585,55.24079895019531,0.0005528011824935675,-0.002446781611070037,409,13.633333333333333
1.951547622680664,8.046467781066895,0.23868827160493827,7.024350452411454e-06,0.00046609912533313036,50.8399543762207,-0.0003420072025619447,-0.002845581155270338,410,13.666666666666666
1.9258769750595093,7.8368449211120605,0.24185185185185185,9.110753308050334e-05,0.0001405328803230077,46.02812194824219,0.00025089667178690434,-0.010159047320485115,411,13.7
1.9692761898040771,8.159331321716309,0.23780092592592592,0.00014820481010247022,-0.0004397264856379479,49.60773468017578,-0.002085886662825942,-0.016533322632312775,412,13.733333333333333
1.9091203212738037,8.092355728149414,0.23256172839506173,-9.947707440005615e-06,-0.00014719655155204237,38.477210998535156,-0.0019255640218034387,-0.013341068290174007,413,13.766666666666667
2.059568166732788,8.862981796264648,0.22926697530864198,-0.0001494482421549037,0.00011684471246553585,115.00836944580078,0.0001173683485831134,-0.0027883059810847044,414,13.8
1.964814305305481,8.328113555908203,0.2327391975308642,-7.868577085901052e-05,-4.5364851075646584e-07,8.196135520935059,9.599535587767605e-06,-0.0037762110587209463,415,13.833333333333334
2.055574893951416,8.83575439453125,0.22974537037037038,-0.00023235820117406547,8.771898865234107e-05,13.554511070251465,-0.0005382419330999255,-0.0024265404790639877,416,13.866666666666667
1.9447588920593262,8.398383140563965,0.2279706790123457,-0.00010431959526613355,0.00046372684300877154,78.09773254394531,-0.00012171007983852178,-0.005018430761992931,417,13.9
2.065120220184326,8.552366256713867,0.23796296296296296,-8.485579019179568e-05,0.0011111313942819834,77.82716369628906,0.00017368598491884768,-0.003250086447224021,418,13.933333333333334
2.0728836059570312,8.344993591308594,0.24511574074074075,-9.021699156619434e-07,2.2061163690523244e-05,60.954524993896484,-0.00024343549739569426,-0.003102782880887389,419,13.966666666666667
2.008641242980957,8.239581108093262,0.24040123456790125,8.45437739371846e-07,7.252479008457158e-06,53.92207336425781,0.0002622164902277291,-0.0024638036265969276,420,14.0
1.9333326816558838,8.009306907653809,0.23718364197530864,-0.0007965634576976299,0.00015808045282028615,52.209251403808594,0.0004183029814157635,-0.009572158567607403,421,14.033333333333333
1.9818986654281616,8.219879150390625,0.23791666666666667,3.9466095813622815e-07,-2.3050850117556365e-08,52.16877746582031,-0.001221064361743629,-0.019475392997264862,422,14.066666666666666
1.9433612823486328,8.28114128112793,0.2319753086419753,2.0411712320367315e-09,-1.4092242395236099e-07,35.25163650512695,-0.002193825552240014,-0.016140544787049294,423,14.1
2.098782777786255,9.09608268737793,0.22814043209876544,-4.838559064523906e-08,7.535529675806174e-07,94.044677734375,-0.0009643841767683625,-0.0073893084190785885,424,14.133333333333333
1.999941349029541,8.486973762512207,0.23241512345679013,-0.00048033177154138684,0.00010201171971857548,22.057886123657227,-0.00018827160238288343,-0.003798558609560132,425,14.166666666666666
2.133899450302124,9.076576232910156,0.23195987654320988,-0.00012126012734370306,0.0005125707830302417,6.508288860321045,-0.0008850361336953938,-0.002535273553803563,426,14.2
1.9846720695495605,8.642841339111328,0.2264891975308642,-0.00018575417925603688,0.0001312000531470403,50.25788116455078,-0.0003929552622139454,-0.0050250026397407055,427,14.233333333333333
2.0731496810913086,8.564681053161621,0.23876543209876544,-2.7605616992332216e-07,0.00031966008828021586,99.5577392578125,-6.51920709060505e-05,-0.004306572489440441,428,14.266666666666667
2.0626885890960693,8.438036918640137,0.24060956790123456,-0.00027630600379779935,0.0006320184911601245,88.70719146728516,0.0008810882573015988,-0.002812821650877595,429,14.3
1.980094313621521,8.20693302154541,0.23760030864197532,0.00022878324671182781,0.0005205443594604731,83.56993865966797,-0.00015562944463454187,-0.00236323568969965,430,14.333333333333334
1.9983246326446533,8.205103874206543,0.23982253086419753,-9.256925841327757e-05,0.00013014647993259132,54.27400207519531,0.0005254785064607859,-0.012562204152345657,431,14.366666666666667
2.0305569171905518,8.461902618408203,0.23671296296296296,-6.66541454847902e-05,0.0003131305566057563,51.403724670410156,-0.0012622169451788068,-0.02137465961277485,432,14.4
2.000481128692627,8.464191436767578,0.23324845679012346,0.000165354780619964,0.00018098914006259292,36.91237258911133,-0.0028265754226595163,-0.017979880794882774,433,14.433333333333334
2.1002864837646484,8.943881034851074,0.23180555555555554,-0.00035699730506166816,0.0010225798469036818,42.00367736816406,0.00026856118347495794,-0.003767863381654024,434,14.466666666666667
2.0712666511535645,8.731060981750488,0.2343287037037037,-1.5316966255340958e-06,0.0001615681976545602,1.669565200805664,0.00018332654144614935,-0.0031757233664393425,435,14.5
2.073267698287964,8.875683784484863,0.23064043209876542,-5.9176625654799864e-05,0.0006136815063655376,0.9167770743370056,-0.0005619651055894792,-0.002713329391553998,436,14.533333333333333
2.025697708129883,8.670572280883789,0.22986882716049384,-0.0011273950804024935,0.0005484365974552929,53.46812438964844,-0.00018691466539166868,-0.004838608205318451,437,14.566666666666666
2.1261816024780273,8.781163215637207,0.23859567901234568,1.611913467058912e-05,0.0006214233580976725,72.87891387939453,0.00018893126980401576,-0.0033566593192517757,438,14.6
2.1175107955932617,8.45383358001709,0.24700617283950618,-0.00019318773411214352,0.00020591735665220767,59.10585021972656,0.00034784243325702846,-0.0027891381178051233,439,14.633333333333333
2.0315868854522705,8.315092086791992,0.24069444444444443,3.82549042114988e-05,0.0003188260307069868,46.55438995361328,-0.0006277323118411005,-0.002022004220634699,440,14.666666666666666
2.0524892807006836,8.565584182739258,0.23576388888888888,-0.00011203472968190908,0.00033419154351577163,50.22282028198242,-0.00021480659779626876,-0.01658555120229721,441,14.7
2.0190377235412598,8.359991073608398,0.2382716049382716,-0.00031884777126833797,4.794840788235888e-05,22.77012062072754,-0.0015391490887850523,-0.018264735117554665,442,14.733333333333333
2.0506794452667236,8.777986526489258,0.23064814814814816,-1.8581260519567877e-05,-7.925256068119779e-05,84.08036041259766,-0.0034645332489162683,-0.014762423932552338,443,14.766666666666667
2.1081109046936035,8.984063148498535,0.231820987654321,-3.439053398324177e-05,0.0003394087834749371,45.673336029052734,-0.0005758338957093656,-0.0042569441720843315,444,14.8
2.1814486980438232,9.094030380249023,0.23673611111111112,-0.0005453105550259352,0.00033057277323678136,331.6792907714844,5.6193086493294686e-05,-0.0026247624773532152,445,14.833333333333334
2.1123757362365723,8.754920959472656,0.23796296296296296,-0.00011803250527009368,0.0009149475954473019,333.2474060058594,-0.00012722682731691748,-0.004038057290017605,446,14.866666666666667
2.100257158279419,8.850021362304688,0.23417438271604937,-3.8594353100052103e-05,5.441882967716083e-05,152.4105224609375,0.0002216513967141509,-0.004633523523807526,447,14.9
2.1865851879119873,8.794649124145508,0.24550925925925926,-3.348610277953412e-07,2.0931645849486813e-05,69.2613296508789,-0.00014286040095612407,-0.0031352019868791103,448,14.933333333333334
2.1569974422454834,8.81234359741211,0.24083333333333334,-0.00013209503958933055,0.0008005923591554165,56.310550689697266,0.00010343828034820035,-0.003027511527761817,449,14.966666666666667
2.066377878189087,8.34238052368164,0.24440586419753085,3.9436443444174074e-07,1.696533558970259e-06,46.16057586669922,-0.0006365942535921931,-0.0028367829509079456,450,15.0
2.1155221462249756,8.623245239257812,0.24239197530864198,-9.52332612769169e-09,3.071733090109774e-08,48.714271545410156,-0.0011243688641116023,-0.016903718933463097,451,15.033333333333333
2.0820279121398926,8.734797477722168,0.23584104938271605,-4.294734523568877e-08,1.0512259507322597e-07,39.940650939941406,-0.00180960597936064,-0.01539868675172329,452,15.066666666666666
2.210825204849243,9.390518188476562,0.23257716049382715,-9.837989637162536e-05,0.00025303440634161234,109.9892807006836,0.0004825304786209017,-0.0022765614558011293,453,15.1
2.1314330101013184,8.82376766204834,0.2386033950617284,-0.0002441237011225894,0.00022092244762461632,11.810648918151855,-0.0004722985904663801,-0.0037954479921609163,454,15.133333333333333
2.2705249786376953,9.583709716796875,0.23426697530864196,-4.32978558819741e-05,6.154121365398169e-05,3.2601451873779297,-0.0010508546838536859,-0.0024058197159320116,455,15.166666666666666
2.1093249320983887,9.039152145385742,0.23021604938271606,-0.00026779179461300373,0.0005309423431754112,105.77268981933594,0.00021276129700709134,-0.004942968022078276,456,15.2
2.1791014671325684,8.849065780639648,0.24266975308641975,-3.48504981957376e-05,0.00033316435292363167,136.95062255859375,0.0006133092101663351,-0.004725693259388208,457,15.233333333333333
2.2125887870788574,8.92835807800293,0.2445216049382716,-0.0002274607541039586,0.00027362414402887225,64.67069244384766,0.0005564869497902691,-0.0023024834226816893,458,15.266666666666667
2.1042444705963135,8.667011260986328,0.23949845679012347,7.246910536196083e-05,0.0003640273935161531,55.35940933227539,-0.0006276126368902624,-0.0009320490644313395,459,15.3
2.103187322616577,8.712929725646973,0.23813271604938271,-0.0003295081842225045,0.0001291028456762433,54.82142639160156,0.00026868164422921836,-0.018636107444763184,460,15.333333333333334
2.1131770610809326,8.91826057434082,0.2339429012345679,0.0005450394237414002,-7.761584129184484e-05,31.056577682495117,-0.0018116227583959699,-0.019110718742012978,461,15.366666666666667
2.260120153427124,9.663183212280273,0.23104166666666667,-0.000156166817760095,0.00016978805069811642,96.41270446777344,-0.0023791480343788862,-0.012626087293028831,462,15.4
2.142336130142212,8.868561744689941,0.23885802469135803,-3.4861579479184e-05,0.00010084383393405005,19.236186981201172,-0.0006591948913410306,-0.004453600849956274,463,15.433333333333334
2.2839698791503906,9.551530838012695,0.23645833333333333,-8.543118383386172e-06,0.00016102840891107917,11.424025535583496,-0.0004278167034499347,-0.0024442323483526707,464,15.466666666666667
2.1707725524902344,8.924870491027832,0.23974537037037036,-0.0003120795590803027,0.00021022569853812456,42.44429016113281,-0.00047803923371247947,-0.004760526120662689,465,15.5
2.223015546798706,9.147724151611328,0.23966049382716048,0.00019420828903093934,0.0005659657763317227,110.9686279296875,0.00012909152428619564,-0.004394130315631628,466,15.533333333333333
2.1957080364227295,8.739066123962402,0.24790895061728396,-7.786191417835653e-05,0.0005708138342015445,93.42304229736328,0.00042022293200716376,-0.0024967859499156475,467,15.566666666666666
2.125814914703369,8.776595115661621,0.23891975308641974,-0.0002957995457109064,0.0003032532404176891,80.60542297363281,-0.0005658071604557335,-0.0027135827112942934,468,15.6
2.155545949935913,8.927599906921387,0.23825617283950618,9.089869308809284e-06,0.00016870416584424675,58.82780838012695,-1.541593337606173e-05,-0.019572123885154724,469,15.633333333333333
2.159065008163452,8.971404075622559,0.23786265432098766,2.5304534574388526e-06,6.936710974514426e-07,37.77393341064453,-0.0018331172177568078,-0.020946655422449112,470,15.666666666666666
2.21722674369812,9.410635948181152,0.23308641975308642,-0.00013174118066672236,8.536451787222177e-05,42.93328094482422,-0.0035382660571485758,-0.015671271830797195,471,15.7
2.190986394882202,9.01530647277832,0.24016975308641975,-8.751591667532921e-05,-1.0822612239280716e-05,0.014469511806964874,-0.0003103516064584255,-0.0038270156364887953,472,15.733333333333333
2.287532329559326,9.535581588745117,0.236983024691358,0.0004073585441801697,0.00021454878151416779,3.031390428543091,0.00013580535596702248,-0.002640996128320694,473,15.766666666666667
2.225367307662964,9.042457580566406,0.24275462962962963,-0.00041091020102612674,0.00039249248220585287,0.31823867559432983,-0.001003668992780149,-0.004834245890378952,474,15.8
2.2006425857543945,8.9261474609375,0.24342592592592593,-7.466892384400126e-06,4.3266467400826514e-05,119.6583480834961,-0.0001867000974016264,-0.004277065396308899,475,15.833333333333334
2.236379623413086,9.003671646118164,0.24520061728395062,-3.4874406651397294e-07,3.572959758457728e-05,59.99605178833008,0.0003979884786531329,-0.003078412963077426,476,15.866666666666667
2.1395819187164307,8.878522872924805,0.23710648148148147,-0.00044800646719522774,0.0008963602595031261,49.990909576416016,-0.00047382936463691294,-0.002867762465029955,477,15.9
2.2113492488861084,9.05194091796875,0.24128858024691358,2.5557809202325643e-09,1.278298782381171e-07,58.436397552490234,9.885447070701048e-05,-0.01807083562016487,478,15.933333333333334
2.172715663909912,9.054008483886719,0.23750771604938273,3.7277594344686804e-08,4.7202330932805125e-08,15.08511734008789,-0.0019129845313727856,-0.019031427800655365,479,15.966666666666667
2.265705108642578,9.609370231628418,0.23331790123456791,-8.694738795611556e-08,-1.927094928078077e-07,127.82711791992188,-0.0023426637053489685,-0.01028585247695446,480,16.0
2.2243239879608154,9.152789115905762,0.24020061728395062,-0.0003384979208931327,0.00033177112345583737,339.9739990234375,-0.00034611031878739595,-0.00389834470115602,481,16.033333333333335
2.3518717288970947,9.76262378692627,0.23814043209876543,-7.541208469774574e-05,5.113751831231639e-05,336.30633544921875,-0.00010750912770163268,-0.002962005790323019,482,16.066666666666666
2.2550649642944336,9.192493438720703,0.24221450617283952,-0.0002068015601253137,0.00021867884788662195,345.26556396484375,-0.00038628248148597777,-0.005030769854784012,483,16.1
2.2711167335510254,9.207310676574707,0.24351851851851852,-0.00015808854368515313,0.0003396201063878834,144.86483764648438,-0.0002501513226889074,-0.004333397373557091,484,16.133333333333333
2.314335823059082,9.358845710754395,0.24383487654320987,-8.88875947566703e-05,0.0005214900011196733,58.96067428588867,0.0002274762373417616,-0.00281926360912621,485,16.166666666666668
2.2185842990875244,8.851262092590332,0.24723765432098765,-0.00018097716383635998,0.000132781031425111,51.73462677001953,-0.0005538899567909539,-0.0016325503820553422,486,16.2
2.2338035106658936,8.969476699829102,0.24594135802469136,-1.3365448467084207e-05,0.00018030118371825665,50.68583297729492,-0.0009316909126937389,-0.016160888597369194,487,16.233333333333334
2.197211265563965,9.246371269226074,0.2349074074074074,0.00037632216117344797,5.291481647873297e-05,45.69060134887695,-0.0026598689146339893,-0.01809105835855007,488,16.266666666666666
2.3285343647003174,9.860027313232422,0.23334876543209876,-0.0006088289082981646,-6.277426291489974e-05,113.56555938720703,-0.00022441449982579798,-0.0032753509003669024,489,16.3
2.2433834075927734,9.1016845703125,0.24366512345679012,-0.00019793465617112815,0.00033855243236757815,17.871299743652344,3.291615576017648e-05,-0.004078479949384928,490,16.333333333333332
2.457087755203247,10.034504890441895,0.2423996913580247,-6.213937740540132e-05,7.817003643140197e-05,346.45745849609375,-0.0007381407194770873,-0.0033252183347940445,491,16.366666666666667
2.2945914268493652,9.45386791229248,0.23974537037037036,-8.754513692110777e-05,0.00020364171359688044,204.9252471923828,0.0002707923122216016,-0.004265960771590471,492,16.4
2.290804147720337,9.351906776428223,0.24152777777777779,-9.889416833175346e-05,0.0009761310648173094,114.76998138427734,-0.0003080869500990957,-0.005217392463237047,493,16.433333333333334
2.282757043838501,9.333623886108398,0.24134259259259258,-0.00019878926104865968,0.0002192714309785515,65.73712158203125,-0.00017524142458569258,-0.0032884441316127777,494,16.466666666666665
2.2693581581115723,9.015701293945312,0.24857253086419753,8.244227501563728e-05,2.3566342861158773e-05,49.17277145385742,-2.2290194465313107e-05,-0.008890214376151562,495,16.5
2.2985150814056396,9.443256378173828,0.24060185185185184,-1.77993206307292e-05,-2.437292096146848e-06,53.733951568603516,-0.0017503037815913558,-0.02080833725631237,496,16.533333333333335
2.2960662841796875,9.778508186340332,0.23251543209876543,-7.1361097297995e-07,3.7479435377463233e-07,109.6646728515625,-0.0035991359036415815,-0.01862715557217598,497,16.566666666666666
2.310471773147583,9.549015998840332,0.2394135802469136,3.1404528044731705e-07,-5.172195187697071e-07,53.88584899902344,-0.00026294609415344894,-0.0032212648075073957,498,16.6
2.3898837566375732,9.906124114990234,0.23790895061728395,-0.000362960941856727,0.00071087566902861,10.548162460327148,-9.495259291725233e-05,-0.0029380095656961203,499,16.633333333333333
2.4811463356018066,9.907530784606934,0.24763888888888888,-0.00010642864799592644,0.00014635879779234529,342.1588134765625,-0.0002789376303553581,-0.0039035191293805838,500,16.666666666666668
2.340116262435913,9.664637565612793,0.23905864197530866,8.359069033758715e-05,0.00027023209258913994,104.20240783691406,0.000315518380375579,-0.0052617499604821205,501,16.7
2.3104515075683594,9.419501304626465,0.24177469135802468,-5.8028672356158495e-05,7.125081901904196e-05,96.2744140625,0.000189482860150747,-0.0034963926300406456,502,16.733333333333334
2.24599289894104,9.224629402160645,0.24037808641975308,-3.9593443943886086e-05,0.00026645237812772393,79.89060974121094,-0.00031832794775255024,-0.0033407898154109716,503,16.766666666666666
2.277240037918091,9.219507217407227,0.24372685185185186,2.624442640808411e-05,8.19882916403003e-06,58.79245376586914,-7.462879875674844e-05,-0.01923702284693718,504,16.8
2.279331922531128,9.42349910736084,0.23897376543209878,-0.0002917720121331513,7.513674518122571e-07,29.045061111450195,-0.002258922439068556,-0.021629732102155685,505,16.833333333333332
2.388559579849243,9.983243942260742,0.23685185185185184,-1.5948602083426522e-07,4.014108981209574e-06,46.48930358886719,-0.0031063565984368324,-0.014171326532959938,506,16.866666666666667
2.3256638050079346,9.545366287231445,0.24107253086419753,-1.1589099813136272e-06,2.5976983124564867e-06,354.2975769042969,-0.00015360862016677856,-0.00383428274653852,507,16.9
2.48514461517334,10.135505676269531,0.24238425925925927,-0.0001253786904271692,0.0001869899861048907,349.483154296875,-0.00030630952096544206,-0.0030120722949504852,508,16.933333333333334
2.364771842956543,9.428810119628906,0.2476466049382716,-0.00013247309834696352,0.00022039652685634792,352.0248107910156,0.0001905563403852284,-0.0048567745834589005,509,16.966666666666665
2.3232309818267822,9.481611251831055,0.2416898148148148,-6.0390084399841726e-05,0.00031648538424633443,109.12499237060547,-0.00019164022523909807,-0.004676285199820995,510,17.0
2.3101305961608887,9.43398380279541,0.24142746913580246,0.00011590582289500162,0.0005252757109701633,55.338470458984375,-0.00029767537489533424,-0.003949434496462345,511,17.033333333333335
2.373408079147339,9.291561126708984,0.25200617283950616,9.68403310253052e-06,0.00010873397695831954,48.76046371459961,0.00038702943129464984,-0.0074605378322303295,512,17.066666666666666
2.306594133377075,9.28964900970459,0.24527006172839505,0.00022455936414189637,-0.00020139056141488254,21.050168991088867,-0.0016313338419422507,-0.020690102130174637,513,17.1
2.37166166305542,10.058157920837402,0.23329475308641975,-0.0002459273091517389,-4.674285446526483e-05,157.20770263671875,-0.003934986889362335,-0.017888890579342842,514,17.133333333333333
2.377743721008301,9.681513786315918,0.24282407407407408,-6.468619540100917e-05,0.00020318807219155133,343.7643127441406,-0.000438160466728732,-0.004032616037875414,515,17.166666666666668
2.4859516620635986,10.159340858459473,0.24198302469135802,2.1788349840790033e-05,0.0003745159483514726,328.7943420410156,0.0003570160479284823,-0.0025996819604188204,516,17.2
2.49318790435791,9.767132759094238,0.25237654320987657,-8.959676051745191e-05,0.00027233659056946635,330.04248046875,-0.0007093221065588295,-0.003964236006140709,517,17.233333333333334
2.3967831134796143,9.738130569458008,0.2428395061728395,-0.00016423397755715996,0.00035974886850453913,204.91323852539062,0.00033108159550465643,-0.005126161966472864,518,17.266666666666666
2.4206154346466064,9.597234725952148,0.24890432098765433,-0.00021615371224470437,0.0001068723649950698,55.29483413696289,6.257532368181273e-05,-0.0034782206639647484,519,17.3
2.3516252040863037,9.204727172851562,0.25214506172839507,-1.8930375517811626e-05,0.0003245469997636974,48.1096076965332,-0.0007149805896915495,-0.0019370117224752903,520,17.333333333333332
2.3964483737945557,9.470043182373047,0.25,-0.00019392016110941768,-0.00016824026533868164,41.083927154541016,-0.0008977329707704484,-0.016861775889992714,521,17.366666666666667
2.3804898262023926,9.812911987304688,0.23996913580246915,2.6652414817363024e-05,-0.0002466370933689177,114.75386810302734,-0.0029875850304961205,-0.018496859818696976,522,17.4
2.4356069564819336,10.017098426818848,0.24043981481481483,-0.00027789216255769134,-3.592199573176913e-05,100.0918960571289,0.0002508041216060519,-0.0024459464475512505,523,17.433333333333334
2.4142954349517822,9.877680778503418,0.24157407407407408,-0.00015856337267905474,0.00025321735301986337,4.067640781402588,1.5640893252566457e-05,-0.0032711494714021683,524,17.466666666666665
2.5735690593719482,10.172500610351562,0.25026234567901234,-2.9326391086215153e-05,2.393370414210949e-05,338.045654296875,-0.0005106359603814781,-0.0046493117697536945,525,17.5
2.423724412918091,9.944769859313965,0.24054012345679013,-8.068044553510845e-05,-2.9366283342824318e-06,211.08872985839844,-0.00030562118627130985,-0.005302612669765949,526,17.533333333333335
2.426887035369873,9.798168182373047,0.24454475308641976,-0.00037661101669073105,0.00015671580331400037,68.60646057128906,-4.915089448331855e-05,-0.0037212553434073925,527,17.566666666666666
2.347752332687378,9.294419288635254,0.24920524691358026,8.856681961333379e-05,-2.304800545971375e-06,60.59235382080078,-0.0006598229520022869,-0.003231227397918701,528,17.6
2.3890700340270996,9.555655479431152,0.246875,-0.0002356731129111722,-0.0001445761590730399,47.139671325683594,0.00010982322419295087,-0.018005358055233955,529,17.633333333333333
2.347750186920166,9.715142250061035,0.23892746913580246,-0.00031302758725360036,-3.7147470720810816e-05,39.76148223876953,-0.0031895062420517206,-0.021824179217219353,530,17.666666666666668
2.465890645980835,10.16820240020752,0.2398611111111111,-3.555855801096186e-05,-0.00017870744341053069,82.27003479003906,-0.0016446781810373068,-0.008043469861149788,531,17.7
2.394688367843628,9.645031929016113,0.24546296296296297,-0.0003962994087487459,0.0010384995257481933,18.76058006286621,0.0004347498179413378,-0.0032104430720210075,532,17.733333333333334
2.656987428665161,10.559669494628906,0.24895833333333334,-1.3295873941387981e-05,0.0002521206042729318,336.8213195800781,-0.0003303663688711822,-0.003269426291808486,533,17.766666666666666
2.449939250946045,9.643455505371094,0.2510030864197531,-9.903031241265126e-06,1.0047500609289273e-07,16.869277954101562,-0.00027910873177461326,-0.004977256525307894,534,17.8
2.4144279956817627,9.753623962402344,0.24464506172839506,-5.412886139311013e-07,1.3657308954861946e-06,100.89910125732422,0.0003620490024331957,-0.003871052758768201,535,17.833333333333332
2.348132371902466,9.447050094604492,0.2454783950617284,2.2325297322822735e-05,0.00030378130031749606,82.48091888427734,-0.0005215634009800851,-0.0036733595188707113,536,17.866666666666667
2.420037031173706,9.643978118896484,0.24786265432098764,-0.00010615259816404432,0.0002673157141543925,50.230838775634766,0.0008555552340112627,-0.01865842565894127,537,17.9
2.3926734924316406,9.792163848876953,0.2416820987654321,0.00026078071095980704,9.07439025468193e-05,34.363487243652344,-0.0024078430142253637,-0.023164071142673492,538,17.933333333333334
2.4788355827331543,10.322798728942871,0.2376388888888889,-4.384509156807326e-05,-8.646403875900432e-05,40.731502532958984,-0.003609986277297139,-0.014302537776529789,539,17.966666666666665
2.459876537322998,9.877723693847656,0.24642746913580246,-0.00038662023143842816,0.0006050910451449454,358.0474548339844,0.00035896687768399715,-0.003486533649265766,540,18.0
2.630638599395752,10.419492721557617,0.249945987654321,-1.9374916519154795e-05,0.0004059056518599391,331.9365539550781,-0.0005527861649170518,-0.003690018318593502,541,18.033333333333335
2.5514299869537354,9.896929740905762,0.25439043209876544,-0.0001679121924098581,0.001654189545661211,328.2652893066406,0.0002289267285959795,-0.005360919050872326,542,18.066666666666666
2.4645133018493652,9.7919282913208,0.2486033950617284,-1.4924926290404983e-05,0.0008013428887352347,65.64640045166016,0.00022878285381011665,-0.003613590495660901,543,18.1
2.3872950077056885,9.504225730895996,0.24766203703703704,-0.0002564028836786747,0.0003586546517908573,55.2542839050293,-9.798864630283788e-05,-0.0032838196493685246,544,18.133333333333333
2.525834321975708,9.967222213745117,0.2503009259259259,-0.00040394673123955727,0.0005805941764265299,49.08573532104492,0.00024359591770917177,-0.016181379556655884,545,18.166666666666668
2.3891379833221436,9.778566360473633,0.24156635802469137,0.000378225784515962,0.00035200599813833833,3.8259711265563965,-0.0025669538881629705,-0.021019482985138893,546,18.2
2.4655981063842773,10.18272590637207,0.23959104938271605,3.22025443892926e-05,9.430036880075932e-05,124.25688171386719,-0.0021798962261527777,-0.00976781826466322,547,18.233333333333334
2.439140558242798,9.80642032623291,0.24599537037037036,-6.357902748277411e-06,0.00040701954276300967,343.9147644042969,0.0005461670807562768,-0.0034606996923685074,548,18.266666666666666
2.687133550643921,10.597268104553223,0.2508487654320988,0.00010356925486121327,0.0003598136827349663,321.8004455566406,-0.0005538578843697906,-0.002926049055531621,549,18.3
2.551386833190918,9.888284683227539,0.25462191358024694,-0.0001995433121919632,0.0003073840925935656,249.6294403076172,0.00029410034767352045,-0.005375995300710201,550,18.333333333333332
2.5075461864471436,9.929915428161621,0.24949074074074074,-0.0001543037360534072,0.00032661412842571735,80.20882415771484,-0.0003479536098893732,-0.0030706380493938923,551,18.366666666666667
2.4443001747131348,9.699048042297363,0.24881944444444445,-0.000141112192068249,0.0007271370268426836,55.616580963134766,-0.0004714964306913316,-0.0027065789327025414,552,18.4
2.504401206970215,9.887401580810547,0.2501157407407407,-0.00019565000548027456,0.00029955734498798847,38.912635803222656,5.741239874623716e-05,-0.01389810536056757,553,18.433333333333334
2.447822332382202,10.068413734436035,0.2407793209876543,-0.0001519031065981835,3.2154023301700363e-06,41.877288818359375,-0.0030145281925797462,-0.020442664623260498,554,18.466666666666665
2.5221686363220215,10.398164749145508,0.2401388888888889,2.046373538178159e-06,2.5953919248422608e-05,120.5093002319336,-0.0010632064659148455,-0.006547057069838047,555,18.5
2.4581384658813477,9.870742797851562,0.24628858024691358,-0.0005042040720582008,4.841709142056061e-06,15.19662857055664,0.0004917728947475553,-0.0037304682191461325,556,18.533333333333335
2.6988282203674316,10.642094612121582,0.251087962962963,-2.2155390979605727e-05,0.0001832582347560674,331.6744689941406,-1.829028951760847e-05,-0.003436608938500285,557,18.566666666666666
2.5696945190429688,9.90155029296875,0.25623456790123456,-0.0005184977781027555,0.00067247444530949,229.0048828125,5.6173736084019765e-05,-0.00510802585631609,558,18.6
2.486025094985962,10.058767318725586,0.24424382716049384,-1.2606689779204316e-05,1.6034808140830137e-05,120.76127624511719,0.00022838340373709798,-0.004365176428109407,559,18.633333333333333
2.486325740814209,9.609594345092773,0.25540895061728397,-0.0005949613405391574,0.001183695625513792,51.1539192199707,-0.0005453630583360791,-0.00320043764077127,560,18.666666666666668
2.5142781734466553,9.941330909729004,0.24983024691358025,-0.0005036931834183633,0.0009754194179549813,45.857513427734375,-0.0001359256566502154,-0.018755821511149406,561,18.7
2.4570274353027344,10.280501365661621,0.23676697530864196,2.0595325622707605e-07,-4.935882316203788e-07,77.16631317138672,-0.0036455891095101833,-0.02309434302151203,562,18.733333333333334
2.5531280040740967,10.438220977783203,0.24232253086419753,-1.1277437579337857e-06,1.0023536560765933e-06,78.60857391357422,-0.000655543408356607,-0.004467829596251249,563,18.766666666666666
2.541043996810913,10.373334884643555,0.24241512345679012,-0.0002840396773535758,0.00020592266810126603,12.147246360778809,2.2275491573964246e-05,-0.0031135138124227524,564,18.8
2.682339906692505,10.48779010772705,0.25330246913580245,-0.0001371413964079693,3.7683606933569536e-05,338.4549865722656,-0.0010878645116463304,-0.004098209086805582,565,18.833333333333332
2.5355918407440186,10.339548110961914,0.2423070987654321,-7.418866152875125e-05,0.0002461294934619218,113.54925537109375,-0.000391790788853541,-0.005285886116325855,566,18.866666666666667
2.485344409942627,9.926457405090332,0.2474074074074074,8.22668444016017e-05,0.0005243849009275436,93.65013885498047,-0.00021762428514193743,-0.004013004247099161,567,18.9
2.576300621032715,10.092781066894531,0.2521759259259259,0.00012875860556960106,0.0005144806345924735,54.061004638671875,-0.0004950623260810971,-0.0010722724255174398,568,18.933333333333334
2.5425102710723877,10.01822566986084,0.2512037037037037,0.00026888964930549264,0.0002368419518461451,47.09773254394531,-0.0004182809207122773,-0.022471053525805473,569,18.966666666666665
2.498049736022949,10.298877716064453,0.24020061728395062,-5.5218610214069486e-05,5.971996142761782e-05,49.617027282714844,-0.004195429850369692,-0.02346051298081875,570,19.0
2.5250906944274902,10.187989234924316,0.24534722222222222,-0.0003303901758044958,0.00023526504810433835,7.88442325592041,-7.513214950449765e-05,-0.002718522446230054,571,19.033333333333335
2.648883581161499,10.672643661499023,0.24559413580246914,-4.772934516950045e-06,0.0002553285157773644,352.90557861328125,8.385071123484522e-05,-0.0031657626386731863,572,19.066666666666666
2.6974618434906006,10.38644790649414,0.25709104938271604,-9.163972572423518e-05,0.000180250164703466,342.4151306152344,-0.0006850889185443521,-0.004228163510560989,573,19.1
2.5062875747680664,10.0570068359375,0.24608024691358024,-0.00019314431119710207,3.567367821233347e-05,163.01568603515625,-0.00019743414304684848,-0.005492130760103464,574,19.133333333333333
2.47607684135437,9.900228500366211,0.2470679012345679,-3.417896368773654e-05,0.0006683204555884004,63.892974853515625,-0.00033040568814612925,-0.0032241716980934143,575,19.166666666666668
2.6420466899871826,10.208761215209961,0.25569444444444445,0.00010634180216584355,0.0003318794770166278,46.02416229248047,-0.00023750629043206573,-0.003549388376995921,576,19.2
2.496189594268799,9.953059196472168,0.24818672839506173,0.00010623072739690542,-2.645412678248249e-05,27.505592346191406,-0.002518564462661743,-0.02246495708823204,577,19.233333333333334
2.541208267211914,10.450562477111816,0.240679012345679,-0.00011992751387879252,8.445353927299948e-08,135.72804260253906,-0.004363046959042549,-0.017294421792030334,578,19.266666666666666
2.5692148208618164,10.270431518554688,0.2476929012345679,-0.00010508255218155682,0.0002869415911845863,331.3614501953125,-0.0002737522008828819,-0.004142231773585081,579,19.3
2.7300004959106445,10.798868179321289,0.2503163580246914,-0.00015580373292323202,0.0002626436180435121,324.514892578125,-0.0004174457862973213,-0.0035110313910990953,580,19.333333333333332
2.74804949760437,10.450627326965332,0.2600925925925926,-7.004089275142178e-05,8.413005707552657e-05,317.67120361328125,-0.00014167840708978474,-0.005038782954216003,581,19.366666666666667
2.5639498233795166,10.13454532623291,0.2498996913580247,8.333530786330812e-06,7.840788748580962e-05,156.40586853027344,-0.00010692224168451503,-0.005168775096535683,582,19.4
2.516918659210205,9.95358657836914,0.24979166666666666,8.34361562738195e-05,0.0003521552716847509,56.27253341674805,-0.0005341523792594671,-0.0026788595132529736,583,19.433333333333334
2.575906276702881,10.091468811035156,0.2520833333333333,-0.0005013340851292014,7.99309927970171e-05,37.457637786865234,0.0001554500195197761,-0.013014552183449268,584,19.466666666666665
2.5185658931732178,10.392561912536621,0.2399074074074074,-0.0002463461132720113,-0.00031829794170334935,32.155521392822266,-0.0028453392442315817,-0.02105383574962616,585,19.5
2.6041600704193115,10.513872146606445,0.24509259259259258,-0.0002698387252166867,-0.00010580690286587924,120.86222839355469,-0.0009017538977786899,-0.004447974264621735,586,19.533333333333335
2.562549114227295,10.282963752746582,0.24679012345679013,1.780603633960709e-05,8.488087041769177e-05,11.573202133178711,5.665464777848683e-05,-0.0033800010569393635,587,19.566666666666666
2.7648398876190186,10.79435920715332,0.25339506172839504,0.0001916994951898232,0.0006404353771358728,334.7965087890625,-0.0004121527308598161,-0.004224398639053106,588,19.6
2.6241354942321777,10.129862785339355,0.25580246913580246,-0.00014135845412965864,0.0003101034671999514,270.2460632324219,-7.462593930540606e-05,-0.004841613117605448,589,19.633333333333333
2.589812994003296,10.250951766967773,0.24982253086419753,-9.635893150061747e-08,1.4989901728768018e-06,71.82383728027344,0.00023786688689142466,-0.003851543180644512,590,19.666666666666668
2.6662800312042236,10.205257415771484,0.25862654320987655,-5.0297952469691154e-08,3.0505211725539993e-06,42.97747802734375,-0.001226428197696805,-0.0016212484333664179,591,19.7
2.6014809608459473,10.225998878479004,0.2518364197530864,-2.141542427125387e-05,0.00016359449364244938,48.462928771972656,-0.0017375365132465959,-0.021294111385941505,592,19.733333333333334
2.5768682956695557,10.655776023864746,0.23966820987654322,-0.00018268852727487683,-0.00015358682139776647,107.43415832519531,-0.004393753129988909,-0.02099723555147648,593,19.766666666666666
2.612231969833374,10.470396995544434,0.2470679012345679,-0.00022844175691716373,8.184103353414685e-05,31.119413375854492,-0.00039243680657818913,-0.004287634044885635,594,19.8
2.7230381965637207,10.853983879089355,0.24863425925925925,-1.653889921726659e-05,0.00021039749844931066,355.962890625,-0.0005158174317330122,-0.0040846108458936214,595,19.833333333333332
2.7754464149475098,10.656516075134277,0.2575771604938272,-0.00034064819919876754,0.0002828810829669237,353.3017883300781,-0.0006972211413085461,-0.004691044334322214,596,19.866666666666667
2.585662841796875,10.43453311920166,0.24483024691358024,0.00013545076944865286,4.3734027713071555e-05,89.88472747802734,-0.00041974414489232004,-0.005915824323892593,597,19.9
2.5435569286346436,10.131677627563477,0.24808641975308643,-0.0005298109026625752,0.00042131601367145777,92.38224792480469,-0.00035267582279630005,-0.0038379726465791464,598,19.933333333333334
2.6512057781219482,10.311689376831055,0.254429012345679,0.00012141698971390724,7.99940899014473e-05,44.36363220214844,0.0008270361577160656,-0.01693740487098694,599,19.966666666666665
2.558953285217285,10.480836868286133,0.24180555555555555,-0.00013733697414863855,0.00038413796573877335,38.37998580932617,-0.0036244625225663185,-0.025601176545023918,600,20.0
2.6166670322418213,10.675498962402344,0.24275462962962963,-0.00017220849986188114,0.00020375380699988455,37.97981643676758,-0.004016633611172438,-0.014113991521298885,601,20.033333333333335
2.6264185905456543,10.495942115783691,0.2477777777777778,5.85377165407408e-06,9.925367339747027e-05,1.8510793447494507,0.0004075054603163153,-0.0037722205743193626,602,20.066666666666666
2.8139383792877197,11.001526832580566,0.2533179012345679,-2.1260202629491687e-05,0.00016959381173364818,331.83062744140625,-0.0007360783056356013,-0.004183256067335606,603,20.1
2.687282085418701,10.262453079223633,0.25852623456790125,-0.0005280990153551102,0.0005490186740644276,308.76190185546875,-0.0007405593059957027,-0.004762301687151194,604,20.133333333333333
2.5654823780059814,10.170086860656738,0.2491898148148148,2.2802578314440325e-06,9.608885738998652e-05,68.56908416748047,-0.0002929045003838837,-0.0040140701457858086,605,20.166666666666668
2.730215072631836,10.311155319213867,0.26199845679012346,-0.00011346934479661286,0.00016041517665144056,48.37367248535156,-0.0006326930597424507,-0.0019240158144384623,606,20.2
2.6482338905334473,10.304756164550781,0.2544444444444444,1.2747928849421442e-05,0.00033992185490205884,39.95886993408203,-0.0011078215902671218,-0.021224409341812134,607,20.233333333333334
2.5984225273132324,10.585988998413086,0.24304783950617284,-0.0002500588307157159,0.00020530825713649392,131.01751708984375,-0.004595718812197447,-0.020438194274902344,608,20.266666666666666
2.6641054153442383,10.569483757019043,0.24963734567901236,-0.00026946020079776645,-4.652855295717018e-06,336.66339111328125,-0.0004092428716830909,-0.004678141791373491,609,20.3
2.7776429653167725,10.97082805633545,0.25079475308641974,9.011555812321603e-05,0.0003056326531805098,333.0088195800781,-0.00017328628746327013,-0.004034633748233318,610,20.333333333333332
2.852043867111206,10.744917869567871,0.26265432098765434,-7.764795736875385e-05,-5.242773568170378e-06,323.1915283203125,-0.0003009625943377614,-0.004612181335687637,611,20.366666666666667
2.6041040420532227,10.326387405395508,0.24911265432098764,-0.00025788022321648896,0.0005211709067225456,154.41893005371094,-2.1521580492844805e-05,-0.0053985328413546085,612,20.4
2.6341512203216553,9.939079284667969,0.26200617283950617,3.023433600901626e-05,0.00016726896865293384,49.69720458984375,-0.00027949342620559037,-0.0035620005801320076,613,20.433333333333334
2.689206600189209,10.29055404663086,0.2584645061728395,-0.0001576953218318522,0.0008074530633166432,38.52499771118164,-4.935544347972609e-05,-0.012773938477039337,614,20.466666666666665
2.6097872257232666,10.636390686035156,0.24310185185185185,4.298955900594592e-05,-1.0400697192380903e-06,51.507591247558594,-0.0030638568568974733,-0.021265948191285133,615,20.5
2.669084310531616,10.66330337524414,0.24770833333333334,-0.00021113624097779393,0.0008378383936360478,145.37576293945312,-0.00040395508403889835,-0.003918488044291735,616,20.533333333333335
2.698115348815918,10.649605751037598,0.2508564814814815,-0.00012276892084628344,0.000501199858263135,7.900169372558594,0.0002515074156690389,-0.0031982753425836563,617,20.566666666666666
2.827476739883423,10.891773223876953,0.2571450617283951,-2.1255179838419735e-09,3.658998082300968e-07,343.0684509277344,-0.0007715729298070073,-0.003867939580231905,618,20.6
2.7045726776123047,10.255572319030762,0.26077932098765433,1.765423007782374e-07,-5.936095135439245e-07,266.308349609375,-0.00029273831751197577,-0.004375626798719168,619,20.633333333333333
2.618947744369507,10.473041534423828,0.24709876543209877,0.00013260869309306145,0.0004755292320623994,75.98990631103516,-0.0004229653859511018,-0.0036273987498134375,620,20.666666666666668
2.708883047103882,10.413504600524902,0.2573765432098765,9.453398524783552e-05,0.0005671429098583758,39.74822998046875,-0.0003933470288757235,-0.003158792620524764,621,20.7
2.629570245742798,10.504544258117676,0.24800154320987655,6.0391612350940704e-05,8.634967525722459e-05,49.58372497558594,-0.003428274067118764,-0.023280100896954536,622,20.733333333333334
2.6550889015197754,10.765768051147461,0.24428240740740742,-0.0001702134613879025,5.633423279505223e-05,85.3485336303711,-0.00489046610891819,-0.017888454720377922,623,20.766666666666666
2.6396942138671875,10.388833045959473,0.25156635802469135,-0.0001193681382574141,0.00014976554666645825,15.758922576904297,8.534962398698553e-05,-0.003924987744539976,624,20.8
2.902383804321289,11.282673835754395,0.25506944444444446,-5.692799459211528e-05,0.00017989761545322835,334.4043884277344,-0.000511349702719599,-0.003344697644934058,625,20.833333333333332
2.8536746501922607,10.620497703552246,0.26574845679012343,0.00017539931286592036,4.996189090888947e-06,348.601806640625,-0.0002700310724321753,-0.004997843876481056,626,20.866666666666667
2.623551845550537,10.529581069946289,0.24612654320987654,-8.516089292243123e-05,7.440487388521433e-05,101.13846588134766,2.1090021618874744e-05,-0.005287563893944025,627,20.9
2.7647182941436768,10.497452735900879,0.2604861111111111,-0.0001450114359613508,0.0006156452582217753,49.54655838012695,-0.00029750639805570245,-0.0022884304635226727,628,20.933333333333334
2.704573154449463,10.506205558776855,0.25506944444444446,-5.384709584177472e-05,0.0001582296536071226,45.43842697143555,-0.0006357777747325599,-0.023356007412075996,629,20.966666666666665
2.6643431186676025,10.768153190612793,0.24536265432098767,3.1182036764221266e-05,-4.525345502770506e-06,51.2816162109375,-0.004406902007758617,-0.023837316781282425,630,21.0
2.6997549533843994,10.695197105407715,0.2500848765432099,-0.0001121467212215066,3.306053258711472e-05,356.4293518066406,0.00021510038641281426,-0.003917532041668892,631,21.033333333333335
2.837527275085449,11.119366645812988,0.2527083333333333,-0.00016024245996959507,0.00025157834170386195,344.4363708496094,-0.0001799056481104344,-0.004393554758280516,632,21.066666666666666
2.916525363922119,10.954710960388184,0.26350308641975306,-1.9277500541647896e-05,-1.874036570370663e-05,341.71014404296875,-0.0007489207782782614,-0.004782990086823702,633,21.1
2.6492414474487305,10.555685997009277,0.2479861111111111,5.877676449017599e-05,0.00018146315414924175,116.5024642944336,-0.0006441118312068284,-0.005346994381397963,634,21.133333333333333
2.7054951190948486,10.253424644470215,0.2609490740740741,0.00010987478162860498,0.0002071634808089584,47.84716033935547,-0.0009181839413940907,-0.0034922200720757246,635,21.166666666666668
2.7538552284240723,10.702022552490234,0.2545216049382716,-0.0001149084564531222,-3.112097328994423e-05,48.979148864746094,0.00020212320669088513,-0.018188105896115303,636,21.2
2.652648448944092,10.673251152038574,0.24601851851851853,-0.0005655011045746505,-0.0015245599206537008,50.145450592041016,-0.004042134620249271,-0.02338840626180172,637,21.233333333333334
2.7024474143981934,10.719682693481445,0.24953703703703703,-0.00010376109275966883,0.0010248988401144743,281.0204772949219,-0.0003147292882204056,-0.0031176547054201365,638,21.266666666666666
2.7943527698516846,11.062976837158203,0.25012345679012343,0.0003632979351095855,0.0005371222505345941,331.76373291015625,-0.00036548226489685476,-0.0030982422176748514,639,21.3
2.8788657188415527,10.879314422607422,0.2616820987654321,-0.000620979000814259,0.00034227108699269593,331.21112060546875,-0.0006514615379273891,-0.004183314274996519,640,21.333333333333332
2.680386543273926,10.67381477355957,0.24810956790123456,-0.00022231390175875276,0.00012360647087916732,193.84324645996094,-7.015578739810735e-05,-0.005540462210774422,641,21.366666666666667
2.6738593578338623,10.395570755004883,0.25407407407407406,1.2134877579228487e-05,0.0006250368896871805,72.58161163330078,-0.0005725753144361079,-0.0033476841636002064,642,21.4
2.752516508102417,10.478673934936523,0.2598533950617284,0.00014293144340626895,0.0001274878450203687,36.97755813598633,0.0006446524639613926,-0.00827399268746376,643,21.433333333333334
2.664314031600952,10.75829029083252,0.2452854938271605,-0.00018390777404420078,-8.64904432091862e-05,37.15091323852539,-0.0026867487467825413,-0.021942347288131714,644,21.466666666666665
2.696563959121704,10.795316696166992,0.2471682098765432,-0.0002882297558244318,-0.0002564135938882828,118.34688568115234,-0.0010189344175159931,-0.005282588768750429,645,21.5
2.734941005706787,10.805134773254395,0.2509490740740741,-1.750390538290958e-06,5.229516091276309e-07,2.6005191802978516,1.8500279111322016e-05,-0.0033077590633183718,646,21.533333333333335
2.8718416690826416,11.068866729736328,0.2570756172839506,1.9067422840635118e-07,2.5106190150836483e-05,344.39984130859375,-0.000795351283159107,-0.004025905858725309,647,21.566666666666666
2.766671895980835,10.483627319335938,0.2606404320987654,-0.0005591295193880796,-1.044291457219515e-05,334.90618896484375,-0.00014407289563678205,-0.004515777807682753,648,21.6
2.685321569442749,10.57894229888916,0.25089506172839504,7.893017755122855e-05,-3.6131990782450885e-05,70.56376647949219,-0.0004807916993740946,-0.0035488989669829607,649,21.633333333333333
2.7712998390197754,10.470324516296387,0.26170524691358027,0.0002037000667769462,-0.0005797225749120116,41.13932418823242,-0.0003180299245286733,-0.00459094624966383,650,21.666666666666668
2.679497480392456,10.727417945861816,0.24742283950617283,-2.6175748644163832e-05,0.00013337767450138927,54.00761795043945,-0.003370673395693302,-0.024218203499913216,651,21.7
2.7235405445098877,10.812984466552734,0.24933641975308643,8.348203118657693e-05,0.0001681844296399504,77.72251892089844,-0.003856546711176634,-0.015226058661937714,652,21.733333333333334
2.7072675228118896,10.647344589233398,0.2517206790123457,-0.00012134578719269484,0.0004103333631064743,19.146442413330078,0.0003841886355075985,-0.003228717250749469,653,21.766666666666666
2.9279494285583496,11.221907615661621,0.2583719135802469,-9.744998533278704e-05,0.00023521814728155732,338.4502868652344,-0.00023483361292164773,-0.0034254456404596567,654,21.8
2.870840072631836,10.594368934631348,0.26807098765432097,5.550078640226275e-06,0.00021701533114537597,1.633220911026001,-0.00048413517652079463,-0.0051158396527171135,655,21.833333333333332
2.6544787883758545,10.489579200744629,0.2501003086419753,8.909016469260678e-05,1.1335318959027063e-05,94.40945434570312,-0.0002334185701329261,-0.004642528481781483,656,21.866666666666667
2.833906888961792,10.713436126708984,0.26176697530864196,0.0003282515099272132,-0.00013563063112087548,41.93777084350586,-0.00093183817807585,-0.0014246136415749788,657,21.9
2.7269132137298584,10.745696067810059,0.2513811728395062,9.684119504527189e-06,-4.95636704727076e-05,48.66953659057617,-0.002987038576975465,-0.02578616328537464,658,21.933333333333334
2.725543975830078,10.836705207824707,0.24916666666666668,-2.3558648535981774e-05,-0.00026938022347167134,19.956514358520508,-0.005384142976254225,-0.019880158826708794,659,21.966666666666665
2.7474777698516846,10.702092170715332,0.254375,-0.0003189169801771641,0.0005870689637959003,1.0269114971160889,0.00021436545648612082,-0.00398256117478013,660,22.0
2.9338955879211426,11.355093955993652,0.25602623456790125,-0.00020026834681630135,0.00027088753995485604,328.5294189453125,-0.0006685879779979587,-0.003930199891328812,661,22.033333333333335
2.9410433769226074,10.84936237335205,0.2679166666666667,-0.00025684922002255917,0.0003837254480458796,331.5940246582031,-0.00015265820547938347,-0.0050972881726920605,662,22.066666666666666
2.6950364112854004,10.565112113952637,0.2521604938271605,-0.00023329074610956013,0.0003855572431348264,62.61216354370117,-0.0001246103347511962,-0.0048544276505708694,663,22.1
2.8400535583496094,10.654146194458008,0.263695987654321,0.00010306114563718438,0.001289632637053728,46.455711364746094,-0.0004276300605852157,-0.0016167985741049051,664,22.133333333333333
2.7178356647491455,10.478416442871094,0.25676697530864195,-1.221437196363695e-05,-0.00011462418478913605,11.904099464416504,-0.002817367436364293,-0.02218891866505146,665,22.166666666666668
2.7208731174468994,10.826231002807617,0.2489891975308642,-6.042830500518903e-05,6.582585046999156e-05,75.36782836914062,-0.004799168091267347,-0.018003353849053383,666,22.2
2.745762586593628,10.727860450744629,0.253695987654321,4.142143006902188e-05,8.553241787012666e-05,338.64923095703125,2.4050959837040864e-05,-0.0038362096529453993,667,22.233333333333334
2.9537644386291504,11.462639808654785,0.2551466049382716,-0.0002011700125876814,0.0005064276047050953,320.251708984375,-0.0007402185583487153,-0.0030023492872714996,668,22.266666666666666
3.0126473903656006,11.16726016998291,0.2669212962962963,8.53952078614384e-05,-3.533589961079997e-06,316.21478271484375,-9.345914804725908e-06,-0.004985340405255556,669,22.3
2.8085291385650635,10.361857414245605,0.26774691358024694,0.00040089176036417484,0.0006114444695413113,76.54017639160156,-0.00048681956832297146,-0.0050208610482513905,670,22.333333333333332
2.8554956912994385,10.625686645507812,0.26601851851851854,8.426111435255734e-07,7.522766100009903e-05,35.784767150878906,-8.5036015661899e-05,-0.0033366328570991755,671,22.366666666666667
2.764213800430298,10.691146850585938,0.25601851851851853,-0.00018737887148745358,0.000831267680041492,48.421669006347656,-0.002567179501056671,-0.01973007433116436,672,22.4
2.709841728210449,10.937101364135742,0.24530864197530863,-0.00016536108159925789,0.0005502277053892612,94.05657958984375,-0.004506892058998346,-0.017925942316651344,673,22.433333333333334
2.7531325817108154,10.711956024169922,0.2548148148148148,6.230323812417282e-09,6.522513444906508e-07,9.159832954406738,-6.733938789693639e-05,-0.004424701444804668,674,22.466666666666665
2.9705612659454346,11.553888320922852,0.255,5.2275566986281774e-08,3.280814837580692e-07,340.6400146484375,-0.0010145007399842143,-0.0033683397341519594,675,22.5
3.023484706878662,11.13645076751709,0.2687037037037037,-0.00023614837846253067,-3.836809628410265e-05,334.1635437011719,-0.0003813654475379735,-0.00489529175683856,676,22.533333333333335
2.7783000469207764,10.454605102539062,0.2626774691358025,-0.00023200223222374916,0.00044096907367929816,105.15776824951172,-4.437388270162046e-05,-0.004820678383111954,677,22.566666666666666
2.8641357421875,10.680251121520996,0.2651929012345679,8.763944788370281e-05,0.0010753932874649763,38.670921325683594,-0.0005196148413233459,-0.001889953506179154,678,22.6
2.7732656002044678,10.79052734375,0.2543287037037037,-7.575342169729993e-05,0.0005456330254673958,46.67066955566406,-0.0024331724271178246,-0.023006776347756386,679,22.633333333333333
2.748734474182129,10.9904203414917,0.2477391975308642,-0.0008466081344522536,-1.059316400642274e-05,66.22401428222656,-0.005085065495222807,-0.02043727971613407,680,22.666666666666668
2.7787725925445557,10.745077133178711,0.25623456790123456,-0.00019367426284588873,-0.0004874436417594552,9.683049201965332,7.620204996783286e-05,-0.004339827690273523,681,22.7
3.014582395553589,11.574284553527832,0.25830246913580246,7.074399036355317e-05,0.0005071651539765298,339.477294921875,-0.000750898674596101,-0.003153316443786025,682,22.733333333333334
3.0259037017822266,10.968457221984863,0.2731018518518519,-0.00018509739311411977,6.502141332020983e-05,350.9889221191406,-0.0003522075421642512,-0.005062600132077932,683,22.766666666666666
2.7890379428863525,10.421520233154297,0.2645524691358025,3.680832014651969e-05,6.474770634667948e-05,81.06596374511719,-0.0006412785733118653,-0.005159882828593254,684,22.8
2.8896334171295166,10.796831130981445,0.2648765432098765,1.0500250482436968e-06,0.0007053515873849392,49.30729293823242,-0.0013046389212831855,-0.0013732519000768661,685,22.833333333333332
2.8122854232788086,10.871429443359375,0.25633487654320986,0.00010673572978703305,-0.00010173988994210958,48.70940017700195,-0.002978168660774827,-0.025712784379720688,686,22.866666666666667
2.769688367843628,10.990030288696289,0.24945216049382715,-0.00012916493869852275,-0.0003003721940331161,28.24631118774414,-0.005517696030437946,-0.021327180787920952,687,22.9
2.814066171646118,10.913521766662598,0.2554475308641975,-0.0004437376628629863,0.0005113305523991585,358.8243713378906,-0.00020212987146805972,-0.004353787284344435,688,22.933333333333334
3.0127146244049072,11.492077827453613,0.25983796296296297,-4.7916379116941243e-05,0.0005065390141680837,330.0760192871094,-0.0008099360857158899,-0.0036765476688742638,689,22.966666666666665
3.020355463027954,11.03184986114502,0.27075617283950615,-6.496896094176918e-05,-8.0998579505831e-05,336.5806884765625,-0.00048403453547507524,-0.005313387606292963,690,23.0
2.766909122467041,10.417365074157715,0.2625848765432099,5.2988605602877215e-05,3.0772629543207586e-05,52.805145263671875,-0.0007031373679637909,-0.004569359589368105,691,23.033333333333335
2.911956787109375,10.838141441345215,0.2657098765432099,-0.0005329790292307734,0.0007719434797763824,47.117069244384766,-0.0010106214322149754,-0.0011744287330657244,692,23.066666666666666
2.7557718753814697,10.731146812438965,0.25428240740740743,6.281858077272773e-05,0.0003891839296557009,6.8406171798706055,-0.00322977383621037,-0.023979121819138527,693,23.1
2.7627742290496826,10.92469596862793,0.2505478395061728,3.156971069984138e-05,6.767017475795001e-05,42.26860046386719,-0.004477052949368954,-0.017010830342769623,694,23.133333333333333
2.7613706588745117,10.724417686462402,0.25516975308641976,9.141363261733204e-05,0.00026567449094727635,346.40277099609375,0.00012531770335044712,-0.003260514000430703,695,23.166666666666668
3.019906997680664,11.520082473754883,0.25971450617283953,-4.59966977359727e-05,0.000557870720513165,320.90850830078125,-0.000999297248199582,-0.003011171706020832,696,23.2
3.051265001296997,11.176627159118652,0.27012345679012345,5.360017894417979e-06,0.0001372491242364049,328.2725830078125,-0.00020926438446622342,-0.005237160716205835,697,23.233333333333334
2.909144401550293,10.600838661193848,0.27136574074074077,-8.38535197544843e-05,9.122713527176529e-05,28.769338607788086,-0.00041051951120607555,-0.004861538764089346,698,23.266666666666666
2.897886276245117,10.829930305480957,0.26501543209876544,1.8900556142398273e-07,5.397454879130237e-05,37.638755798339844,-0.0006896265549585223,-0.0013247557217255235,699,23.3
2.7752718925476074,10.958945274353027,0.2508564814814815,-0.00046953686978667974,0.0005241298349574208,46.14567565917969,-0.0029559519607573748,-0.021910475566983223,700,23.333333333333332
2.800781726837158,11.11966323852539,0.24949074074074074,-0.00023364461958408356,0.0006224411772564054,102.91974639892578,-0.003171587595716119,-0.012009989470243454,701,23.366666666666667
2.7911975383758545,10.937740325927734,0.25297067901234566,-1.0360533053699328e-07,7.670430932193995e-06,12.233471870422363,-7.16001886758022e-05,-0.003602410899475217,702,23.4
2.9879775047302246,11.355381965637207,0.2609722222222222,-6.729311508024693e-07,1.5381292541860603e-06,336.63201904296875,-0.0009051179513335228,-0.003844496561214328,703,23.433333333333334
3.0284698009490967,11.127958297729492,0.2692361111111111,-0.0001620083348825574,4.603149136528373e-06,333.9751281738281,-0.00043600614299066365,-0.004695486277341843,704,23.466666666666665
2.8044791221618652,10.561945915222168,0.2626774691358025,-6.176671013236046e-05,0.0001820398902054876,56.82545471191406,-0.000542175373993814,-0.0043146368116140366,705,23.5
2.8741304874420166,10.838827133178711,0.2627083333333333,9.989633326767944e-06,0.00017859307990875095,41.0069694519043,0.0002617661957629025,-0.008362612687051296,706,23.533333333333335
2.7621676921844482,11.078402519226074,0.24723765432098765,-0.0001595785142853856,-8.61989101395011e-05,41.85419464111328,-0.003429318778216839,-0.024868270382285118,707,23.566666666666666
2.8130664825439453,11.102097511291504,0.2510648148148148,-0.0005851973546668887,0.0001381141337333247,91.20442962646484,-0.002891103969886899,-0.010794693604111671,708,23.6
2.8570148944854736,11.260432243347168,0.2515277777777778,1.8833486592484405e-06,7.866515807108954e-05,18.962736129760742,0.00018433561490383,-0.0029202320147305727,709,23.633333333333333
2.9961862564086914,11.32335090637207,0.2621682098765432,0.000363894592737779,0.00023121736012399197,357.77020263671875,-0.0009030511137098074,-0.0041460576467216015,710,23.666666666666668
2.918980598449707,10.707635879516602,0.26969135802469135,-2.547355688875541e-05,-0.00010781148739624768,12.748591423034668,-0.0002518538385629654,-0.004671044182032347,711,23.7
2.81201434135437,10.423839569091797,0.266875,0.00028425685013644397,2.2819887817604467e-05,72.9226303100586,-0.0006046445923857391,-0.004616736900061369,712,23.733333333333334
2.903949499130249,10.940720558166504,0.26295524691358024,-0.0001872244174592197,8.310888370033354e-05,43.20223617553711,0.00042622879846021533,-0.017703047022223473,713,23.766666666666666
2.77378511428833,11.089200973510742,0.24800925925925926,4.6712648327229545e-05,-0.000157187256263569,36.27878952026367,-0.003976899664849043,-0.026512648910284042,714,23.8
2.8357038497924805,11.170345306396484,0.25155092592592593,-9.0132880359306e-06,0.0005066742305643857,330.3997802734375,-0.0007148776203393936,-0.005130987614393234,715,23.833333333333332
2.9466519355773926,11.532691955566406,0.253179012345679,3.2672833185642958e-06,0.00020345280063338578,342.9866943359375,-0.0004946587723679841,-0.0038562528789043427,716,23.866666666666667
3.068876266479492,11.40483570098877,0.2666358024691358,-0.00015357183292508125,1.727379412841401e-06,338.9549865722656,-0.0012651962460950017,-0.00438993563875556,717,23.9
2.886155605316162,10.702170372009277,0.2665972222222222,-1.4262559488997795e-05,-5.784742097603157e-05,28.971593856811523,-5.7201799791073427e-05,-0.004807304125279188,718,23.933333333333334
2.9457054138183594,10.941128730773926,0.26652006172839504,0.00019516595057211816,0.0004695154493674636,43.87067794799805,-0.00034167920239269733,-0.0039615086279809475,719,23.966666666666665
2.89202880859375,11.106151580810547,0.25795524691358024,-8.702509512659162e-05,0.00018113950500264764,49.25563430786133,-0.0005359622882679105,-0.01886705867946148,720,24.0
2.7964284420013428,11.176139831542969,0.2480787037037037,-0.00023677482386119664,0.00021563931659329683,39.502159118652344,-0.004386720713227987,-0.02324160560965538,721,24.033333333333335
2.8793692588806152,11.233919143676758,0.2540972222222222,-0.00016063704970292747,0.0001864377991296351,327.3601989746094,-6.359659164445475e-05,-0.0038124925922602415,722,24.066666666666666
2.994215965270996,11.506775856018066,0.258016975308642,3.303912308183499e-05,0.00023309059906750917,326.2445373535156,-0.0004854192375205457,-0.004014959558844566,723,24.1
3.117575168609619,11.523077964782715,0.26773148148148146,0.0001559701340738684,-2.856455284927506e-05,326.31597900390625,-0.0004260745772626251,-0.004321467597037554,724,24.133333333333333
2.992553234100342,10.906684875488281,0.27151234567901233,7.73944630054757e-05,0.00013568485155701637,13.246213912963867,-0.0005970302736386657,-0.005584436003118753,725,24.166666666666668
2.9998111724853516,10.894095420837402,0.27262345679012345,0.0002959994599223137,0.0012325234711170197,37.59075927734375,-0.00038218317786231637,-0.003118172287940979,726,24.2
2.85669207572937,10.859623908996582,0.26077932098765433,-5.5784254072932526e-05,2.522551585570909e-05,40.86906433105469,-0.0015269516734406352,-0.018449336290359497,727,24.233333333333334
2.791473627090454,11.170816421508789,0.24753086419753087,-1.1494714726723032e-06,0.0003772494674194604,90.78642272949219,-0.004389865789562464,-0.01948733627796173,728,24.266666666666666
2.8606183528900146,11.110716819763184,0.25497685185185187,-0.00032009324058890343,0.0008266550721600652,9.48798942565918,-0.0005658030277118087,-0.00476808613166213,729,24.3
3.0567753314971924,11.719450950622559,0.2586574074074074,-9.438236361347663e-07,5.766630238213111e-06,335.9002990722656,-0.0013205603463575244,-0.0036057389806956053,730,24.333333333333332
3.140915870666504,11.296436309814453,0.2755015432098765,1.6569102854191442e-06,4.803017077392724e-07,339.19171142578125,-0.00028964903322048485,-0.00449539115652442,731,24.366666666666667
3.049680709838867,11.127522468566895,0.27121141975308644,-9.01048188097775e-05,0.0001665566087467596,357.80731201171875,-0.0005796264740638435,-0.005048152059316635,732,24.4
2.948434591293335,11.102968215942383,0.2629166666666667,-0.0002945881278719753,8.067429007496685e-05,38.89496994018555,-0.0008558463887311518,-0.0012609866680577397,733,24.433333333333334
2.822983980178833,11.069538116455078,0.25287808641975307,-0.00011571562208700925,-6.704951374558732e-06,49.79545211791992,-0.003373514162376523,-0.02486000768840313,734,24.466666666666665
2.852409839630127,11.330622673034668,0.24959104938271606,-4.813059058506042e-05,0.0002315083984285593,61.745323181152344,-0.0054049380123615265,-0.017239563167095184,735,24.5
2.855833053588867,11.11995792388916,0.25459104938271604,-0.00018505599291529506,3.207994450349361e-05,17.429561614990234,0.0003023529425263405,-0.0033925927709788084,736,24.533333333333335
3.044294834136963,11.485755920410156,0.2628240740740741,-0.00021491845836862922,0.00025642383843660355,344.2790222167969,-0.000681110832374543,-0.0036690798588097095,737,24.566666666666666
3.0913984775543213,11.246932029724121,0.2721219135802469,5.6065135140670463e-05,4.189663741271943e-06,1.984358787536621,-0.0004794289416167885,-0.004915542900562286,738,24.6
2.8607778549194336,10.609811782836914,0.2669367283950617,-1.8156417354475707e-05,7.290035136975348e-05,59.492897033691406,-0.0004870356642641127,-0.004798487294465303,739,24.633333333333333
2.962625503540039,11.139921188354492,0.2634645061728395,-9.025201507029124e-06,-0.000302934437058866,43.9775390625,0.0004917097394354641,-0.015145552344620228,740,24.666666666666668
2.8248939514160156,11.247587203979492,0.24886574074074075,-0.00022067225654609501,-0.00017944973660632968,36.13859558105469,-0.0037108061369508505,-0.02689540386199951,741,24.7
2.8931212425231934,11.351668357849121,0.2525925925925926,-0.00018592456763144583,-0.00025002285838127136,344.1607666015625,-0.0015102416509762406,-0.007907078601419926,742,24.733333333333334
2.9612491130828857,11.52589225769043,0.25468364197530863,0.00011251558316871524,0.00016859386232681572,347.4930114746094,-5.107374090584926e-05,-0.0035047682467848063,743,24.766666666666666
3.0877373218536377,11.427580833435059,0.26753086419753086,6.508080696221441e-05,0.0004092281742487103,343.6163635253906,-0.00101718888618052,-0.004417401738464832,744,24.8
2.923398971557617,10.74284553527832,0.2692361111111111,-3.8947666325839236e-05,-0.0002458855742588639,28.812267303466797,-0.0001513415772933513,-0.005373808555305004,745,24.833333333333332
2.9565632343292236,10.882413864135742,0.26915123456790124,1.5198444089037366e-05,9.535914432490245e-05,47.18449401855469,-0.0005180849111638963,-0.004247936420142651,746,24.866666666666667
2.9527738094329834,11.26598072052002,0.2597608024691358,7.162369001889601e-05,0.0002569476782809943,48.81190490722656,-0.0011334508890286088,-0.01984056830406189,747,24.9
2.839555025100708,11.377043724060059,0.2477932098765432,-2.2765384244394227e-08,2.3862364528781654e-08,55.8584098815918,-0.0047112260945141315,-0.02337922714650631,748,24.933333333333334
2.927187919616699,11.315729141235352,0.2559645061728395,3.0889150366419926e-05,0.0005357146728783846,331.45050048828125,-0.0005332540604285896,-0.004629674833267927,749,24.966666666666665
3.041562557220459,11.620160102844238,0.2594598765432099,1.0056815824555088e-07,0.0007039765478111804,324.36627197265625,-0.00035500983358360827,-0.00394333666190505,750,25.0
3.182577610015869,11.607438087463379,0.27156635802469137,-5.90361082686286e-07,0.00014027452562004328,328.0882873535156,-0.0005192748503759503,-0.0045686205849051476,751,25.033333333333335
3.14094614982605,11.211524963378906,0.27750771604938274,-2.54686256084824e-07,3.1520875154456007e-07,347.7444763183594,-0.0007378813461400568,-0.00448920764029026,752,25.066666666666666
2.997360944747925,10.992292404174805,0.2699691358024691,4.192147753201425e-05,0.001111987978219986,36.85468292236328,-0.00017903040861710906,-0.0030326175037771463,753,25.1
2.887432098388672,11.077930450439453,0.2581635802469136,-0.0002786008990369737,0.00043630541767925024,47.58644104003906,-0.0025962544605135918,-0.02109173871576786,754,25.133333333333333
2.859914779663086,11.230477333068848,0.25255401234567904,-2.241447134565533e-07,1.4834905526228681e-09,68.36077117919922,-0.004473172593861818,-0.016040828078985214,755,25.166666666666668
2.8523995876312256,10.991503715515137,0.25720679012345676,-9.079616575036198e-06,0.00012451877410057932,10.32679557800293,4.0820716094458476e-05,-0.004211632534861565,756,25.2
3.0615360736846924,11.639246940612793,0.2603780864197531,-0.000267491617705673,0.0009135424043051898,337.1968688964844,-0.0007571674068458378,-0.0034375933464616537,757,25.233333333333334
3.174757957458496,11.447269439697266,0.2745138888888889,-7.715975516475737e-05,2.526305706851417e-06,340.643798828125,-0.0007466835086233914,-0.004809368401765823,758,25.266666666666666
2.98016357421875,10.861812591552734,0.2717052469135802,8.035343489609659e-05,-0.00014595326501876116,16.124313354492188,-0.00015872989024501294,-0.0045767892152071,759,25.3
2.9412589073181152,10.96166706085205,0.26601851851851854,-2.755812784016598e-05,6.119250610936433e-05,40.35249710083008,0.00048277893802151084,-0.011684246361255646,760,25.333333333333332
2.8498079776763916,11.338295936584473,0.2493287037037037,1.7149179143416404e-07,1.3945125829195604e-05,48.52243423461914,-0.003617470618337393,-0.025494717061519623,761,25.366666666666667
2.928264856338501,11.539450645446777,0.25146604938271605,-0.00013704158482141793,-3.310978354420513e-05,58.938777923583984,-0.0009593438007868826,-0.00676696514710784,762,25.4
2.9790899753570557,11.547900199890137,0.2558487654320988,-1.2643096852116287e-05,0.00028110071434639394,8.13172435760498,-0.00012891784717794508,-0.0032849975395947695,763,25.433333333333334
3.112194776535034,11.480281829833984,0.26881172839506173,-3.185382956871763e-05,3.575307346181944e-05,355.7867126464844,-0.0009833842050284147,-0.004929071757942438,764,25.466666666666665
3.124563455581665,11.242178916931152,0.27532407407407405,-1.3418203707260545e-05,0.00014137740072328597,15.026887893676758,-0.0004714154056273401,-0.005190868861973286,765,25.5
3.0401341915130615,11.046652793884277,0.2726003086419753,0.00033371587051078677,-0.0002227399527328089,41.40725326538086,-0.00018768194422591478,-0.003971637226641178,766,25.533333333333335
2.968702793121338,11.152400970458984,0.26401234567901233,-0.0002042145060840994,6.363764259731397e-05,43.265838623046875,-0.0007966438424773514,-0.02360941842198372,767,25.566666666666666
2.875237226486206,11.340004920959473,0.2515123456790124,1.1904912753379904e-05,-8.580819121561944e-05,37.48860168457031,-0.0051392544992268085,-0.02546106092631817,768,25.6
2.9605650901794434,11.323835372924805,0.2592283950617284,-3.330962499603629e-05,2.9667540729860775e-05,355.0774230957031,-0.00023718342708889395,-0.004645857028663158,769,25.633333333333333
3.0807619094848633,11.719202041625977,0.2605246913580247,0.00011398259812267497,0.0001480592181906104,337.1101379394531,-0.000788825680501759,-0.00391525961458683,770,25.666666666666668
3.1813604831695557,11.434335708618164,0.2755015432098765,-0.00014865456614643335,-2.092335489578545e-05,339.4553527832031,-0.00023782513744663447,-0.004866340663284063,771,25.7
3.1109049320220947,11.121357917785645,0.2771141975308642,4.513152816798538e-05,-7.577716314699501e-05,7.315728187561035,-0.00031741714337840676,-0.005037424620240927,772,25.733333333333334
3.0411341190338135,11.186850547790527,0.2692206790123457,2.9756438379990868e-05,0.0003030035877600312,48.4323616027832,-0.0006178630865179002,-0.0012321261456236243,773,25.766666666666666
2.8789756298065186,11.22462272644043,0.25410493827160496,0.0002134371898137033,-0.0002444850979372859,18.54405403137207,-0.0021335133351385593,-0.02463303692638874,774,25.8
2.907323122024536,11.37558650970459,0.2534104938271605,-0.0002125480823451653,2.910269540734589e-05,25.024011611938477,-0.003871671622619033,-0.013763347640633583,775,25.833333333333332
2.9378068447113037,11.364472389221191,0.25635802469135804,-2.052890522463713e-05,-3.707934229169041e-05,347.8513488769531,-0.0005334863089956343,-0.0031323726288974285,776,25.866666666666667
3.058023691177368,11.528497695922852,0.26277006172839507,3.4289885775251605e-07,0.0007389745442196727,338.33740234375,-0.0008526797755621374,-0.003614184446632862,777,25.9
3.1704044342041016,11.42337703704834,0.2745061728395062,1.2544653145596385e-05,0.00036981000448577106,343.6776428222656,-0.0006735398201271892,-0.004958512727171183,778,25.933333333333334
3.1087169647216797,11.204484939575195,0.274837962962963,5.776273610536009e-05,0.000252091878792271,30.49285888671875,-0.0003081436734646559,-0.004033952951431274,779,25.966666666666665
3.016538381576538,11.125003814697266,0.2687962962962963,-2.633566691656597e-05,0.00012444901221897453,42.44746780395508,0.0001728470961097628,-0.013854415155947208,780,26.0
2.875859260559082,11.33990478515625,0.2515354938271605,0.00011699543392751366,0.0001383568742312491,54.292903900146484,-0.003884898731485009,-0.02255689539015293,781,26.033333333333335
2.9690749645233154,11.451567649841309,0.25678240740740743,0.00026426324620842934,0.0006224627140909433,3.395916223526001,-5.654725100612268e-05,-0.004077834077179432,782,26.066666666666666
3.083005428314209,11.7398042678833,0.2606404320987654,1.639290303501184e-08,2.791733244578154e-08,341.5932922363281,-0.0006629530107602477,-0.003539793426170945,783,26.1
3.2338545322418213,11.763749122619629,0.27243055555555556,-4.5762328682030784e-07,3.242129605496302e-05,341.4945068359375,-0.0001747145870467648,-0.004353405442088842,784,26.133333333333333
3.1690452098846436,11.398730278015137,0.275162037037037,0.00029574279324151576,0.00048236455768346786,357.24505615234375,-0.00038367032539099455,-0.005125152412801981,785,26.166666666666668
3.00736403465271,11.10381031036377,0.26805555555555555,-9.537380537949502e-05,-0.0001056098408298567,40.67928695678711,-0.00016417648294009268,-0.003204879816621542,786,26.2
2.953944444656372,11.334856986999512,0.2584567901234568,-0.00036918692057952285,6.464775651693344e-05,52.243927001953125,-0.0017703493358567357,-0.023981504142284393,787,26.233333333333334
2.9376070499420166,11.516983032226562,0.2526466049382716,0.00023927341680973768,-0.001613809377886355,51.197669982910156,-0.005485388915985823,-0.01977996714413166,788,26.266666666666666
2.912102222442627,11.23068618774414,0.256820987654321,-2.026961556111928e-05,9.062631579581648e-05,15.627357482910156,2.72167944785906e-05,-0.0043662600219249725,789,26.3
3.1256096363067627,11.652266502380371,0.26587962962962963,-4.8456568038091063e-05,0.0003150896227452904,348.1379699707031,-0.0007110880105756223,-0.003841080702841282,790,26.333333333333332
3.200476884841919,11.41158676147461,0.2774691358024691,5.991453508613631e-05,4.290811193641275e-05,358.3165283203125,-0.000384940707590431,-0.004462430253624916,791,26.366666666666667
3.075671672821045,11.148164749145508,0.27327932098765434,0.00012561951007228345,-0.00011060886026825756,33.385257720947266,-2.856418359442614e-05,-0.004783338401466608,792,26.4
3.042646646499634,11.330102920532227,0.26611882716049384,0.00017773029685486108,0.0007501118816435337,44.26138687133789,0.00041586870793253183,-0.01636992208659649,793,26.433333333333334
2.92695689201355,11.537508964538574,0.2515123456790124,-0.0005622233729809523,0.00037625880213454366,41.707401275634766,-0.003911213018000126,-0.027001189067959785,794,26.466666666666665
2.9808435440063477,11.531136512756348,0.2562885802469136,-5.0171751354355365e-05,0.0001980579545488581,350.35797119140625,-0.00016025702643673867,-0.003542383899912238,795,26.5
3.068450450897217,11.734854698181152,0.25939043209876544,-4.181616532150656e-06,0.00017886819841805845,337.1121520996094,4.019111656816676e-05,-0.003773710923269391,796,26.533333333333335
3.2001090049743652,11.685264587402344,0.27133487654320987,-3.558206663001329e-05,0.00010224843572359532,338.6145324707031,-0.0007892970461398363,-0.0046980599872767925,797,26.566666666666666
3.142730712890625,11.28896713256836,0.27556327160493826,9.0898058260791e-05,-5.715563747799024e-05,5.734042644500732,-0.0007119628717191517,-0.005253709852695465,798,26.6
3.0586748123168945,11.291062355041504,0.26828703703703705,4.7987100515456405e-06,0.0001977730426006019,49.88243103027344,-0.000373537972336635,-0.0034133573062717915,799,26.633333333333333
3.0062968730926514,11.401639938354492,0.2615432098765432,4.7843510401435196e-05,2.5296612875536084e-05,48.505001068115234,-0.002352289855480194,-0.0226221214979887,800,26.666666666666668
2.917475938796997,11.4925537109375,0.2517515432098765,2.6834397885977523e-06,-3.256978015997447e-05,34.61589813232422,-0.005333694629371166,-0.01934809237718582,801,26.7
2.9229326248168945,11.242069244384766,0.2577777777777778,-0.00022432842524722219,-9.288089495385066e-05,348.3751525878906,-0.00035929770092479885,-0.004077790770679712,802,26.733333333333334
3.1517434120178223,11.797459602355957,0.2649074074074074,-1.7521297195344232e-05,6.789733015466481e-05,328.5799560546875,-0.0010161414975300431,-0.0035918119829148054,803,26.766666666666666
3.234781503677368,11.688844680786133,0.27391975308641975,-2.941226966868271e-06,1.4424588243855396e-06,336.1805725097656,-0.00031662287074141204,-0.004545743577182293,804,26.8
3.1830170154571533,11.326762199401855,0.27844135802469133,3.3992535463767126e-05,0.0001381765032419935,18.61200714111328,-0.0005867923027835786,-0.004860147833824158,805,26.833333333333332
3.0493292808532715,11.300777435302734,0.2671141975308642,-0.0007235525408759713,0.0007837482262402773,41.327545166015625,0.00022964790696278214,-0.009452961385250092,806,26.866666666666667
2.9067530632019043,11.515000343322754,0.2503163580246914,-0.00012617820175364614,3.921221286873333e-05,40.70033264160156,-0.0032022183295339346,-0.022378820925951004,807,26.9
2.9834842681884766,11.535798072814941,0.2565123456790123,-0.0004652625066228211,3.274100163253024e-05,148.53500366210938,-1.0061143029815867e-06,-0.002914182608947158,808,26.933333333333334
3.0811452865600586,11.729689598083496,0.2605401234567901,-0.00013122899690642953,0.0003709873417392373,345.0646057128906,-0.0002661010657902807,-0.003280573757365346,809,26.966666666666665
3.2259316444396973,11.76614761352539,0.27141975308641975,-0.00041383164352737367,-0.0002026810252573341,348.439697265625,-0.0006939152954146266,-0.00427685771137476,810,27.0
3.1611335277557373,11.298462867736816,0.2773456790123457,-8.090028202900612e-09,2.0676529288721213e-07,1.1355186700820923,-1.2599623460118892e-06,-0.005167733877897263,811,27.033333333333335
3.0900282859802246,11.190133094787598,0.27378086419753084,-6.860626854177099e-06,0.00019125803373754025,41.53091812133789,-0.00041539754602126777,-0.0031817287672311068,812,27.066666666666666
2.9676425457000732,11.40164852142334,0.2579320987654321,-0.0003550180699676275,0.0002451706677675247,48.14645004272461,-0.002014536177739501,-0.024039078503847122,813,27.1
2.935878038406372,11.536465644836426,0.2523611111111111,-9.262756066164002e-05,9.578061508364044e-06,53.40633010864258,-0.005333650857210159,-0.020447995513677597,814,27.133333333333333
2.9426076412200928,11.393117904663086,0.2560648148148148,-1.921848888741806e-05,6.152801506686956e-05,19.135669708251953,-0.00031017285073176026,-0.0045888833701610565,815,27.166666666666668
3.1815500259399414,11.819026947021484,0.2671141975308642,-0.00015145329234655946,2.235512511106208e-05,349.18902587890625,-0.000500987924169749,-0.0032026830594986677,816,27.2
3.2111656665802,11.502472877502441,0.2764814814814815,-5.239152415015269e-06,-2.30733730859356e-05,7.1681952476501465,-0.00041301443707197905,-0.004585537128150463,817,27.233333333333334
3.1353232860565186,11.426185607910156,0.2717206790123457,-4.841251575271599e-05,0.00021422146528493613,32.980255126953125,-7.360963081737282e-06,-0.004723353311419487,818,27.266666666666666
3.076698064804077,11.333794593811035,0.2690740740740741,-1.5585274013574235e-06,0.000185591314220801,41.35257339477539,7.559033838333562e-05,-0.017386415973305702,819,27.3
2.9384634494781494,11.548439979553223,0.2525077160493827,-3.50900904777518e-06,3.099080277024768e-05,38.60612106323242,-0.004009152762591839,-0.027063380926847458,820,27.333333333333332
3.0047690868377686,11.528135299682617,0.2585648148148148,3.3279284252785146e-05,1.6824760677991435e-05,348.0686340332031,7.711812941124663e-06,-0.0031668394804000854,821,27.366666666666667
3.136767625808716,11.943573951721191,0.2604166666666667,-0.00016550681903026998,7.419680332532153e-05,333.73968505859375,-0.0007183955167420208,-0.004212192725390196,822,27.4
3.2338218688964844,11.740907669067383,0.27293981481481483,-3.03655797324609e-05,0.00013015203876420856,339.69696044921875,-0.0006928752991370857,-0.0046773189678788185,823,27.433333333333334
3.183778762817383,11.371445655822754,0.2773688271604938,6.538998036376142e-07,2.1641471903421916e-06,9.39518928527832,-0.0007364340708591044,-0.0052400617860257626,824,27.466666666666665
3.0856480598449707,11.34274673461914,0.269537037037037,-3.204702079528943e-05,4.2254323489032686e-05,50.23394775390625,-0.00038381628110073507,-0.002873270306736231,825,27.5
2.934152603149414,11.301793098449707,0.25732253086419754,0.00040226051351055503,-4.368471127236262e-05,22.42195701599121,-0.0028441688045859337,-0.02465556561946869,826,27.533333333333335
2.968083381652832,11.527745246887207,0.2553240740740741,-0.0001571600150782615,3.4927290926134447e-06,23.713224411010742,-0.004036321770399809,-0.015835832804441452,827,27.566666666666666
2.988584041595459,11.539806365966797,0.2569753086419753,-1.293448463002278e-06,4.541884845821187e-05,355.65606689453125,-0.00028110918356105685,-0.00331460265442729,828,27.6
3.1171188354492188,11.683161735534668,0.264429012345679,-4.468860424822196e-06,-1.4255053883971414e-06,336.0757751464844,-0.0009047932107932866,-0.003915724810212851,829,27.633333333333333
3.243225574493408,11.43737506866455,0.28046296296296297,0.0006686586420983076,-0.0006952666444703937,342.414306640625,-0.00031632560421712697,-0.004854840692132711,830,27.666666666666668
3.1822454929351807,11.377618789672852,0.2770216049382716,0.0003026269841939211,0.0003132179263047874,22.0694637298584,-0.00018740318773780018,-0.004444832447916269,831,27.7
3.044733762741089,11.221961975097656,0.2686496913580247,-0.0009676635963842273,0.00039783859392628074,39.60227584838867,-0.00025277253007516265,-0.014834905043244362,832,27.733333333333334
2.925504446029663,11.542906761169434,0.25132716049382714,-0.0005586069892160594,-8.05248855613172e-05,71.00926971435547,-0.003814188065007329,-0.021983560174703598,833,27.766666666666666
3.04127836227417,11.570249557495117,0.2606172839506173,-2.154639696527738e-05,-0.0005128451157361269,19.162731170654297,-0.00021699140779674053,-0.004556313622742891,834,27.8
3.151623487472534,11.843713760375977,0.26396604938271606,-3.210781142115593e-05,0.0002374601608607918,347.02740478515625,-0.000813772960100323,-0.0038360836915671825,835,27.833333333333332
3.282973289489746,11.818962097167969,0.27521604938271604,-0.00019994097237940878,-6.0677542933262885e-05,336.58758544921875,-0.00041519751539453864,-0.0046714721247553825,836,27.866666666666667
3.207043409347534,11.496195793151855,0.2763966049382716,-0.00016165964188985527,8.804719982435927e-05,356.7969665527344,-0.0004914061864838004,-0.005321898963302374,837,27.9
3.123195171356201,11.522939682006836,0.2684182098765432,9.266707638744265e-05,0.0003766713780350983,41.27169418334961,0.00021890684729442,-0.004696018993854523,838,27.933333333333334
2.987241506576538,11.623428344726562,0.2551388888888889,1.5980688772287976e-08,4.6134744025039254e-08,54.20769500732422,-0.003047084202989936,-0.025380805134773254,839,27.966666666666665
3.0240166187286377,11.719009399414062,0.2560956790123457,-3.5818195556203136e-06,-1.123770516642253e-06,67.10901641845703,-0.0032884266693145037,-0.012161362916231155,840,28.0
3.0909085273742676,11.83787727355957,0.25873456790123456,0.000525760930031538,0.0004011155688203871,14.974040985107422,-0.0003118104359600693,-0.0030151917599141598,841,28.033333333333335
3.195523262023926,11.828276634216309,0.2675925925925926,-9.599958139006048e-05,-2.9094757337588817e-05,351.43963623046875,-0.0009703584364615381,-0.004193822853267193,842,28.066666666666666
3.255267858505249,11.653040885925293,0.2768055555555556,0.00016258284449577332,6.102947372710332e-05,7.342710971832275,-0.00025991577422246337,-0.0055176978930830956,843,28.1
3.111973285675049,11.376492500305176,0.27112654320987656,-1.995097591134254e-05,1.4812998415436596e-05,48.1556282043457,-4.735096808872186e-06,-0.003917274996638298,844,28.133333333333333
3.063678741455078,11.543416023254395,0.2633641975308642,-0.00010891890269704163,-8.630333923065336e-07,47.40419006347656,-0.0011692867847159505,-0.025302065536379814,845,28.166666666666668
2.9698777198791504,11.598847389221191,0.2539351851851852,-4.972724855178967e-05,0.00018764764536172152,18.09981346130371,-0.005917145870625973,-0.024676291272044182,846,28.2
3.0388596057891846,11.629542350769043,0.2592361111111111,9.691637387732044e-06,2.2688796889269724e-05,2.345613718032837,-0.00032124799326993525,-0.004426277708262205,847,28.233333333333334
3.2112693786621094,12.078449249267578,0.263695987654321,2.4548930014134385e-05,-6.300561653915793e-05,334.125244140625,-0.0011045889696106315,-0.0035314271226525307,848,28.266666666666666
3.2504591941833496,11.640926361083984,0.2765354938271605,-0.00016136060003191233,0.00020505531574599445,348.8573913574219,-0.00041547470027580857,-0.004850614815950394,849,28.3
3.176109790802002,11.362959861755371,0.2768827160493827,-8.27254552859813e-05,-0.00025959141203202307,20.796249389648438,-0.0004148907319176942,-0.004850754048675299,850,28.333333333333332
3.1205689907073975,11.46593952178955,0.2698688271604938,-8.71415832079947e-05,0.00017233588732779026,51.32054901123047,-7.765731425024569e-05,-0.013094351626932621,851,28.366666666666667
2.9887828826904297,11.708349227905273,0.25341820987654323,7.191312761278823e-05,5.1568997150752693e-05,48.287506103515625,-0.003944834228605032,-0.025317521765828133,852,28.4
3.058314085006714,11.759530067443848,0.25797839506172837,-0.00017827450938057154,7.380807801382616e-06,7.514448165893555,-9.717905049910769e-05,-0.003246285719797015,853,28.433333333333334
3.1471595764160156,11.895421981811523,0.2623533950617284,-3.0827750379103236e-06,0.00036015978548675776,326.114990234375,-0.0007950295112095773,-0.003972305916249752,854,28.466666666666665
3.3237125873565674,12.027848243713379,0.2738734567901235,-0.0001172966804006137,-6.382360879797488e-05,337.4535827636719,-0.0004182771372143179,-0.004635803401470184,855,28.5
3.3030662536621094,11.64780330657959,0.28109567901234567,-2.85958649328677e-05,6.810668855905533e-05,354.59869384765625,-0.00033087487099692225,-0.0049429163336753845,856,28.533333333333335
3.1469249725341797,11.428284645080566,0.27281635802469134,-0.00017914868658408523,0.0001606505102245137,36.83655548095703,-0.0004899591440334916,-0.0029061068780720234,857,28.566666666666666
3.0086891651153564,11.624424934387207,0.2566820987654321,9.67829255387187e-05,0.00023050809977576137,44.45198059082031,-0.0020549267064779997,-0.022378334775567055,858,28.6
3.0184779167175293,11.716703414916992,0.25559413580246915,1.651394813961815e-05,-7.799470768077299e-05,131.72206115722656,-0.0026869417633861303,-0.011579219251871109,859,28.633333333333333
3.063628911972046,11.635769844055176,0.26131944444444444,3.0407340091187507e-05,6.456313712988049e-05,19.239290237426758,-0.00028875592397525907,-0.0032366455998271704,860,28.666666666666668
3.1861863136291504,11.731803894042969,0.26929783950617286,-8.519574475940317e-05,0.00037142791552469134,350.3610534667969,-0.0010892731370404363,-0.0039015947841107845,861,28.7
3.2795653343200684,11.602914810180664,0.2798148148148148,-0.00027637972380034626,-0.000261786044575274,350.7024841308594,-0.0004887256072834134,-0.0049818954430520535,862,28.733333333333334
3.166975498199463,11.416604042053223,0.27492283950617286,0.00014672124234493822,1.0917592589976266e-05,37.1360969543457,-0.00039109436329454184,-0.0037763717118650675,863,28.766666666666666
3.1160788536071777,11.591204643249512,0.26684413580246913,-3.836293035419658e-05,0.00016781353042460978,55.96955490112305,-0.0010306616313755512,-0.022127972915768623,864,28.8
2.9475677013397217,11.553473472595215,0.2530787037037037,-1.537246816951665e-06,-0.00013294359087012708,54.41267776489258,-0.0052510593086481094,-0.023486899212002754,865,28.833333333333332
3.041836977005005,11.486717224121094,0.2623533950617284,-0.0008482609409838915,2.471885090926662e-05,8.48696231842041,-0.0002205314813181758,-0.004301049746572971,866,28.866666666666667
3.231268882751465,12.118651390075684,0.2645679012345679,3.6633431932386884e-07,1.1489487405924592e-07,340.489990234375,-0.0009622302604839206,-0.002857313258573413,867,28.9
3.3005053997039795,11.6489839553833,0.28076388888888887,4.740391887025908e-06,1.8147471564589068e-05,357.3705139160156,-0.00027009990299120545,-0.00474597467109561,868,28.933333333333334
3.200666666030884,11.480996131896973,0.2761033950617284,-0.00022155816259328276,0.0005212745745666325,28.803438186645508,-0.0001506681292084977,-0.004844386596232653,869,28.966666666666665
3.1341776847839355,11.55210018157959,0.2689429012345679,-0.00018008530605584383,0.0002103131264448166,45.5150146484375,0.0001287420600419864,-0.016301501542329788,870,29.0
2.997286319732666,11.719491958618164,0.25383487654320985,-3.8972211768850684e-05,0.0001188680762425065,41.5609245300293,-0.004330388270318508,-0.027442067861557007,871,29.033333333333335
3.0676374435424805,11.822724342346191,0.2573765432098765,-3.313960405648686e-06,-8.013156502784113e-07,349.9322509765625,0.00016310930368490517,-0.0030197836458683014,872,29.066666666666666
3.1958858966827393,12.09115219116211,0.26229938271604936,1.6799715012894012e-05,5.752252764068544e-05,333.01611328125,-0.0003668878343887627,-0.0038123109843581915,873,29.1
3.2849249839782715,11.86860466003418,0.27401234567901234,3.3677810279186815e-05,0.00012240455544088036,335.7349853515625,-0.0005246252985671163,-0.004742193967103958,874,29.133333333333333
3.248439073562622,11.597826957702637,0.27747685185185184,-0.0002002303663175553,4.546006675809622e-05,2.0688204765319824,-0.0007562751416116953,-0.005205994471907616,875,29.166666666666668
3.176016092300415,11.506139755249023,0.2736574074074074,0.00020055235654581338,0.000379464152501896,53.293296813964844,-0.0005897311493754387,-0.002568833762779832,876,29.2
3.0719685554504395,11.809164047241211,0.2580787037037037,-5.474128556670621e-05,-0.00032694428227841854,33.47813415527344,-0.003026276361197233,-0.02522834949195385,877,29.233333333333334
3.0459513664245605,11.83873176574707,0.2551157407407407,-1.1740232366719283e-05,0.00013752112863585353,52.87617874145508,-0.002972677815705538,-0.010973985306918621,878,29.266666666666666
3.116180419921875,11.966717720031738,0.25833333333333336,-9.56140283960849e-05,5.601859083981253e-05,357.4499816894531,3.058685251744464e-05,-0.003262230660766363,879,29.3
3.2239105701446533,11.858843803405762,0.26939043209876545,-2.3378566993415006e-07,8.566465112380683e-05,341.6710510253906,-0.001199524849653244,-0.0038594575598835945,880,29.333333333333332
3.28997540473938,11.727906227111816,0.27786265432098767,-6.614163226004166e-07,1.1265057764830999e-05,347.98382568359375,-0.0004355324781499803,-0.005006594583392143,881,29.366666666666667
3.1773977279663086,11.492627143859863,0.27391975308641975,-5.16768304805737e-05,-6.978574674576521e-05,29.648527145385742,-4.1940609662560746e-05,-0.003761216765269637,882,29.4
3.1182050704956055,11.669282913208008,0.26506944444444447,-6.666770786978304e-05,0.00028591410955414176,46.85196304321289,-0.0011111709754914045,-0.019511379301548004,883,29.433333333333334
2.9965031147003174,11.652780532836914,0.2551851851851852,-8.012002217583358e-05,-7.51623883843422e-05,59.95991134643555,-0.0048316968604922295,-0.019123729318380356,884,29.466666666666665
3.038830041885376,11.59600830078125,0.2599537037037037,-0.00016775212134234607,3.575484151951969e-05,15.044744491577148,-0.00019990326836705208,-0.004616834223270416,885,29.5
3.2508785724639893,12.082109451293945,0.26675154320987654,0.000143403623951599,-5.250918911769986e-05,346.25372314453125,-0.0009377964888699353,-0.003391645150259137,886,29.533333333333335
3.3231589794158936,11.663479804992676,0.2823533950617284,3.2286848181684036e-06,1.2400154446368106e-05,344.35784912109375,-0.00010356611892348155,-0.004576751030981541,887,29.566666666666666
3.2518601417541504,11.61524772644043,0.2776388888888889,0.00021839176770299673,1.6866692021721974e-05,27.982126235961914,0.00011743271170416847,-0.004836799576878548,888,29.6
3.1318581104278564,11.563783645629883,0.26861882716049384,-0.00034435675479471684,0.0003356559609528631,50.0396842956543,0.0004424413200467825,-0.018677085638046265,889,29.633333333333333
3.028040647506714,11.894776344299316,0.25255401234567904,-0.00013222935376688838,-3.732306868187152e-05,70.42606353759766,-0.004507462028414011,-0.025598252192139626,890,29.666666666666668
3.106563091278076,11.773515701293945,0.2617206790123457,-0.0002621767343953252,0.00017882423708215356,17.251028060913086,0.00017104923608712852,-0.0036095676477998495,891,29.7
3.2176074981689453,12.11185073852539,0.26362654320987655,-2.8603306418517604e-05,0.00010201219993177801,350.234375,-0.0006516797002404928,-0.003637288697063923,892,29.733333333333334
3.31494402885437,11.800307273864746,0.2784104938271605,0.00012102726032026112,5.3360795391199645e-06,358.2620849609375,-0.0006065015331842005,-0.004976028110831976,893,29.766666666666666
3.2903153896331787,11.664321899414062,0.2794753086419753,0.000572589342482388,0.0005215939600020647,15.14676284790039,-0.0005282001220621169,-0.005475665908306837,894,29.8
3.192950487136841,11.771844863891602,0.26912037037037034,7.255715672727092e-08,8.433324865109171e-07,52.78240966796875,0.001408428535796702,-0.01150902546942234,895,29.833333333333332
3.0718703269958496,11.948197364807129,0.2553009259259259,-7.957090929266997e-06,-1.3685016710951459e-06,50.63481140136719,-0.0034081798512488604,-0.02750418521463871,896,29.866666666666667
3.1073110103607178,12.036231994628906,0.2557561728395062,-0.0002092452923534438,-6.688184839731548e-06,350.0503234863281,-0.002047336660325527,-0.008740296587347984,897,29.9
3.186640501022339,12.16507339477539,0.25970679012345677,-5.6356453569605947e-05,0.0002429829619359225,338.4343566894531,-0.000607427442446351,-0.0034521003253757954,898,29.933333333333334
