mean_speed_px,moving_speed_px,moving_fraction,global_u,global_v,direction_deg,divergence,curl,frame,time_s
0.04779060184955597,0.6919690370559692,0.019837962962962963,-1.2874803360318765e-05,0.0002849344164133072,99.17144012451172,-0.0030814576894044876,0.0005936430534347892,0,0.0
0.037423085421323776,0.6413638591766357,0.015439814814814814,2.6638497274689144e-06,0.00039072654908522964,236.79266357421875,-0.0034202029928565025,0.0014434711774811149,1,0.03333333333333333
0.035444121807813644,0.6599234342575073,0.015779320987654322,2.139870048267767e-06,-9.539091479382478e-06,262.16473388671875,-0.002843001624569297,0.0008326657698489726,2,0.06666666666666667
0.03244508430361748,0.6091607213020325,0.011643518518518518,-0.00016885242075659335,0.0001865966187324375,259.962158203125,-0.0009192652651108801,0.000606777030043304,3,0.1
0.037489984184503555,0.6174842715263367,0.011620370370370371,8.116558456094936e-05,4.8058267566375434e-05,265.7419738769531,-0.0017338257748633623,0.0037405879702419043,4,0.13333333333333333
0.035384438931941986,0.6326593160629272,0.014058641975308641,-0.0001336254645138979,0.00039129628567025065,267.3337707519531,-0.0022730117198079824,0.003956742584705353,5,0.16666666666666666
0.0370619110763073,0.6212193965911865,0.019984567901234568,-5.548950866796076e-05,8.245199569500983e-05,263.1079406738281,-0.0014556036330759525,0.002221399452537298,6,0.2
0.04050220176577568,0.628630518913269,0.025177469135802467,-0.0002935267402790487,5.1382721721893176e-05,256.4716796875,-0.001099970773793757,0.0025124060921370983,7,0.23333333333333334
0.05069539323449135,0.630217969417572,0.03068672839506173,0.000800680776592344,0.000845155562274158,252.04010009765625,0.00021885494061280042,0.0012297852663323283,8,0.26666666666666666
0.04396511986851692,0.6146371960639954,0.023996913580246915,9.72556445049122e-05,0.00024146847135853022,248.40817260742188,-0.00014809182903263718,0.002706610132008791,9,0.3
0.040063340216875076,0.6317053437232971,0.01837962962962963,-3.470817318884656e-06,1.1376698239473626e-05,259.79620361328125,-0.0023442215751856565,0.002854991238564253,10,0.3333333333333333
0.0365334078669548,0.6248957514762878,0.010300925925925925,-0.00012317480286583304,3.4507269447203726e-05,267.4114074707031,-0.004885825328528881,0.0007775555714033544,11,0.36666666666666664
0.04245176911354065,0.6133546233177185,0.00798611111111111,0.0008347891271114349,0.0004611806070897728,269.53973388671875,-0.005672978237271309,0.0021031410433351994,12,0.4
0.04059022292494774,0.6238416433334351,0.008055555555555555,-0.00019705492013599724,0.00021081810700707138,262.15045166015625,-0.007336359936743975,0.0025017589796334505,13,0.43333333333333335
0.03893726319074631,0.5912180542945862,0.015246913580246914,-8.998384873848408e-05,-6.127315828052815e-07,213.42405700683594,-0.001610813313163817,-0.0020923069678246975,14,0.4666666666666667
0.04417169839143753,0.6066266298294067,0.02357253086419753,-2.7970527298748493e-05,0.0003014765097759664,188.39639282226562,-0.0011171853402629495,0.0005517811514437199,15,0.5
0.05332101881504059,0.6096174716949463,0.02847993827160494,-0.0007440519984811544,0.0024850305635482073,173.76535034179688,0.0009592447313480079,0.0007996508502401412,16,0.5333333333333333
0.04635986313223839,0.6320379376411438,0.027955246913580246,-7.208083115983754e-05,0.00144340586848557,158.59030151367188,0.0009921110467985272,-0.0006371175986714661,17,0.5666666666666667
0.043235328048467636,0.6477241516113281,0.025964506172839505,-5.955231472398737e-07,5.8718742366181687e-05,144.22654724121094,-0.00034420372685417533,-0.0008375067263841629,18,0.6
0.04170960932970047,0.6374011039733887,0.02636574074074074,-5.339866788744985e-07,9.585823136148974e-05,138.1912841796875,-0.0008318893960677087,0.00048571970546618104,19,0.6333333333333333
0.045997802168130875,0.6508771777153015,0.016512345679012344,-0.0020622210577130318,0.0010406702058389783,112.04771423339844,-0.0013374448753893375,0.0008821693481877446,20,0.6666666666666666
0.04133591800928116,0.6112831830978394,0.01579475308641975,-0.0010793874971568584,0.00012112496187910438,128.17198181152344,-0.0013539977371692657,-0.0015723236138001084,21,0.7
0.03203818202018738,0.5911201238632202,0.004822530864197531,-0.0006731583271175623,0.00019962740771006793,108.5647964477539,-0.0010833755368366838,-0.0023112415801733732,22,0.7333333333333333
0.031291887164115906,0.5820403099060059,0.004899691358024692,-0.00121494778431952,0.0002014389174291864,132.940673828125,0.0007407930097542703,-0.00556593481451273,23,0.7666666666666667
0.03543887287378311,0.5694288015365601,0.0006867283950617284,-0.0018620004411786795,9.890882938634604e-05,247.18833923339844,-0.0016858838498592377,-0.001959644490852952,24,0.8
0.02619796246290207,0.5793214440345764,3.08641975308642e-05,-0.0006896432023495436,9.905880142468959e-05,173.76063537597656,0.07680760324001312,-0.018192503601312637,25,0.8333333333333334
0.025562550872564316,0.5287590622901917,0.00022376543209876544,-2.408122327324236e-06,-8.818015339784324e-05,278.582275390625,0.010557499714195728,-0.0032233751844614744,26,0.8666666666666667
0.03070785664021969,0.6280696988105774,0.0010262345679012345,4.634534434444504e-06,-1.5566831280011684e-05,253.42080688476562,0.011907038278877735,0.0027178123127669096,27,0.9
0.05089976266026497,0.6697282195091248,0.006442901234567902,-0.0014267658116295934,-0.0007404336938634515,242.82257080078125,-0.00025935174198821187,0.0016917625907808542,28,0.9333333333333333
0.0412241630256176,0.8766482472419739,0.009506172839506173,-3.6955396353732795e-05,4.516001354204491e-06,200.28919982910156,0.0005500024417415261,0.00044531250023283064,29,0.9666666666666667
0.03271650895476341,0.5985363125801086,0.003981481481481482,3.2615872669339296e-07,-2.2371430532075465e-05,179.15943908691406,-0.0032079326920211315,0.003849162720143795,30,1.0
0.04185149446129799,1.547536015510559,0.00900462962962963,1.2417605432801793e-07,-1.82362225586985e-06,180.5081787109375,-0.0011448072036728263,0.0017589513445273042,31,1.0333333333333334
0.04457339644432068,0.6185411810874939,0.007878086419753086,0.0015178394969552755,-0.0009236844489350915,329.7535400390625,0.0050261542201042175,0.0006628888659179211,32,1.0666666666666667
0.04337327927350998,0.7118181586265564,0.0110570987654321,0.0011797017650678754,-0.00029172981157898903,343.3411865234375,0.004537030588835478,0.0011562122963368893,33,1.1
0.0444469079375267,0.9446832537651062,0.012268518518518519,0.0009755671489983797,-0.00019925454398617148,349.9556884765625,0.0005624499754048884,-0.0021853104699403048,34,1.1333333333333333
0.04543950408697128,1.0348625183105469,0.015123456790123457,0.0002028332237387076,-0.00024299073265865445,348.9491271972656,0.0019907739479094744,-0.0007166745490394533,35,1.1666666666666667
0.050939686596393585,0.8727482557296753,0.013734567901234567,0.0024565341882407665,-0.0014127542963251472,344.9881286621094,0.0048987288028001785,-0.0016321514267474413,36,1.2
0.038829363882541656,0.6537646651268005,0.0071913580246913585,0.001642006915062666,-0.00047017273027449846,276.5063171386719,0.007976635359227657,0.0007477659964933991,37,1.2333333333333334
0.04395691305398941,0.8481383323669434,0.012808641975308642,0.000516059051733464,-0.0006611670251004398,211.68743896484375,0.004530554637312889,0.0018799580866470933,38,1.2666666666666666
0.0422489233314991,0.8729330897331238,0.012808641975308642,0.0003613086882978678,-0.0005073078791610897,187.15977478027344,0.004490998573601246,0.00010776979615911841,39,1.3
0.057908594608306885,0.9759533405303955,0.015925925925925927,0.0056062424555420876,-0.0006131373229436576,187.9462890625,0.00360271823592484,0.0013950077118352056,40,1.3333333333333333
0.051665376871824265,0.9493548274040222,0.014174382716049382,0.0022185363341122866,-0.0014371995348483324,204.5721893310547,-0.0005657121073454618,-0.0009581376798450947,41,1.3666666666666667
0.04268202185630798,0.6120770573616028,0.012700617283950617,0.00148350081872195,-0.0007991393213160336,318.2068786621094,0.003123570466414094,0.0015939834993332624,42,1.4
0.053474314510822296,0.702046811580658,0.023117283950617285,0.001151098869740963,-0.0003751248586922884,332.21124267578125,0.002670747460797429,0.0015164443757385015,43,1.4333333333333333
0.05957555025815964,0.718559205532074,0.02095679012345679,0.004602467175573111,-0.003521058475598693,337.3802490234375,0.003967168740928173,0.0006260880036279559,44,1.4666666666666666
0.05334987863898277,0.8225454688072205,0.01849537037037037,0.0007280455902218819,-0.00029635202372446656,337.95623779296875,0.003985307645052671,0.0013157472712919116,45,1.5
0.04471467807888985,0.7026965022087097,0.011774691358024692,0.0002496326342225075,-0.0003983358037658036,339.3077697753906,0.005971984006464481,0.003004314610734582,46,1.5333333333333334
0.036185767501592636,0.6013791561126709,0.003765432098765432,0.00010384478082414716,-0.00028309825574979186,299.1339416503906,0.012999223545193672,0.004968354478478432,47,1.5666666666666667
0.04139737784862518,0.6302419304847717,0.005532407407407408,0.000569695548620075,-0.00014555835514329374,315.96429443359375,0.0026401791255921125,0.0009386351448483765,48,1.6
0.03618570789694786,0.6543338894844055,0.003742283950617284,0.0003589744446799159,7.822389306966215e-05,292.313232421875,0.0008071484044194221,0.0017994317458942533,49,1.6333333333333333
0.03130405396223068,0.5906642079353333,0.003155864197530864,0.00035585113801062107,-0.00017335283337160945,291.80242919921875,0.00041413481812924147,0.0003260331868659705,50,1.6666666666666667
0.03275594115257263,0.633536696434021,0.0035185185185185185,0.00010584128904156387,4.062522202730179e-05,285.8464050292969,-0.0024158081505447626,0.0018808151362463832,51,1.7
0.037127912044525146,0.5984074473381042,0.0030478395061728394,0.0012745670974254608,0.00010095792822539806,291.3352966308594,-0.0001193369462271221,0.0023105719592422247,52,1.7333333333333334
0.03229274973273277,0.6149284839630127,0.0019521604938271605,-5.196739220991731e-05,0.0008426484419032931,301.4172668457031,-0.0003580323827918619,0.00034178904024884105,53,1.7666666666666666
0.02887582778930664,0.6091062426567078,0.0036728395061728395,0.0002414162881905213,-1.8527465726947412e-05,205.76780700683594,-0.001953045022673905,0.0018220015335828066,54,1.8
0.027415676042437553,0.6025682687759399,0.0011728395061728395,-0.0001089148863684386,0.00015952595276758075,333.10015869140625,-0.009167490527033806,0.021895019337534904,55,1.8333333333333333
0.03698785975575447,0.5971027612686157,0.001859567901234568,0.0014681706670671701,0.0002844042028300464,219.60337829589844,-0.00364622101187706,-0.0014849003637209535,56,1.8666666666666667
0.033598773181438446,0.5807222723960876,0.00125,0.001064687385223806,-0.0022054980508983135,315.0323486328125,-0.008878191001713276,0.004186766222119331,57,1.9
0.05525629594922066,0.534839391708374,0.0013503086419753086,0.00010281393770128489,-0.003066204022616148,354.070068359375,0.007160326465964317,-3.6391702451510355e-05,58,1.9333333333333333
0.0234366524964571,0.7380439043045044,0.0011805555555555556,0.0002857951621990651,-0.00048608449287712574,1.386552333831787,-0.014014970511198044,0.009668688289821148,59,1.9666666666666666
0.025464830920100212,0.6000402569770813,0.0021373456790123456,8.817586058285087e-05,-0.0005761402426287532,357.65960693359375,-0.0067178490571677685,-0.002807578770443797,60,2.0
0.024163411930203438,0.5736814141273499,0.0028935185185185184,0.0005195236299186945,-0.0006841941503807902,194.8768768310547,0.004908762406557798,0.0017052501207217574,61,2.033333333333333
0.02129926159977913,0.5220242738723755,7.71604938271605e-06,0.0001659123518038541,-0.0007777070859447122,170.53932189941406,0.09666448086500168,0.028339803218841553,62,2.066666666666667
0.055133894085884094,0.6277534365653992,0.0042592592592592595,-0.0015072913374751806,-0.0005634817061945796,357.6433410644531,-0.005640788935124874,0.004943955224007368,63,2.1
0.030565954744815826,0.9507158398628235,0.0062037037037037035,5.189600778976455e-05,3.64454863301944e-05,175.29403686523438,0.005710905883461237,0.0014143915614113212,64,2.1333333333333333
0.023023847490549088,0.639001190662384,0.001412037037037037,-0.0004209281178191304,-0.0005849419394508004,351.98126220703125,0.01900329627096653,-0.0019024366047233343,65,2.1666666666666665
0.01648414507508278,0.6380173563957214,0.0007716049382716049,7.45965644455282e-06,0.0007524591637775302,178.0992431640625,0.005271249916404486,0.0019343086751177907,66,2.2
0.021244971081614494,0.6506046652793884,0.0009799382716049383,9.038707503350452e-05,9.756393410498276e-05,259.64678955078125,0.0028376274276524782,4.273230729268107e-07,67,2.2333333333333334
0.027723219245672226,0.8763005137443542,0.001566358024691358,-0.0003495431155897677,0.0005031432374380529,175.56036376953125,-0.004157313145697117,0.003238013247027993,68,2.2666666666666666
0.0233603622764349,0.5477621555328369,0.0004320987654320988,-9.304603736381978e-05,1.025450910674408e-05,297.33282470703125,0.0049295201897621155,-0.006400381680577993,69,2.3
0.021262366324663162,0.834149181842804,0.0017901234567901235,-2.9047396310488693e-06,-3.3858275855891407e-05,350.4273376464844,-0.019955767318606377,0.0034793009981513023,70,2.3333333333333335
0.021079374477267265,0.5235279202461243,0.0001080246913580247,0.0002510384365450591,-0.0003852268564514816,297.91876220703125,0.0002658755693119019,0.003323508193716407,71,2.3666666666666667
0.039144642651081085,0.7654739022254944,0.0032098765432098763,0.000319746759487316,0.006520014256238937,0.41889044642448425,0.00664171576499939,0.002435911213979125,72,2.4
0.029042508453130722,0.5987618565559387,0.001419753086419753,-5.344037344912067e-05,0.0007526681292802095,317.7215881347656,0.011360576376318932,-0.001748714130371809,73,2.433333333333333
0.022715318948030472,0.5896056890487671,0.000787037037037037,4.83960047859e-06,0.00010629290773067623,297.10174560546875,0.0023433836176991463,-0.0019437512382864952,74,2.466666666666667
0.023020874708890915,0.6551586985588074,0.0013734567901234568,-3.974082937929779e-05,0.00010088627459481359,355.62408447265625,-0.007336671929806471,-0.0010948616545647383,75,2.5
0.029080357402563095,0.514014482498169,6.17283950617284e-05,0.0008493951754644513,0.0006563299102708697,275.26458740234375,0.022612199187278748,-0.003908039070665836,76,2.533333333333333
0.046156637370586395,0.6201345324516296,0.0006172839506172839,0.0022155544720590115,-0.00030751884332858026,337.3375244140625,0.030529987066984177,0.0025052509736269712,77,2.566666666666667
0.030293835327029228,0.5848709940910339,0.0006712962962962962,0.00025640433887019753,7.623335113748908e-05,297.00994873046875,0.0021697203628718853,-0.0008464113925583661,78,2.6
0.04920016601681709,0.6433269381523132,0.0020833333333333333,0.0006925277994014323,-0.00037222186801955104,318.4742126464844,-0.005005328916013241,0.013304456137120724,79,2.6333333333333333
0.026792732998728752,0.6278262138366699,0.0010570987654320988,0.0004635679069906473,-0.0002069957263302058,343.22344970703125,0.005298313219100237,0.0017878300277516246,80,2.6666666666666665
0.02513001672923565,0.5807799100875854,0.002021604938271605,0.0003091504331678152,-0.00033049529884010553,323.9373474121094,-0.000625141488853842,0.0009038628195412457,81,2.7
0.024896718561649323,0.7232378721237183,0.007885802469135802,4.0804144418871147e-07,-0.0002055027725873515,351.89813232421875,-0.0030975390691310167,0.00020304584177210927,82,2.7333333333333334
0.017368540167808533,0.5426757335662842,7.71604938271605e-06,6.052612661733292e-06,-5.8144516515312716e-05,171.2974090576172,0.10388730466365814,0.07286162674427032,83,2.7666666666666666
0.03453411906957626,0.5861952304840088,0.0018055555555555555,-0.0007242818828672171,-0.0035382467322051525,204.85337829589844,0.009444639086723328,0.00022880526375956833,84,2.8
0.017376625910401344,0.5277084112167358,0.0002777777777777778,1.2539250747067854e-05,-3.818548066192307e-06,223.9469757080078,-0.003024662844836712,-0.0062508974224328995,85,2.8333333333333335
0.017839016392827034,0.5539391040802002,0.002361111111111111,-2.075620159303071e-06,-2.3713198970654048e-05,175.9282989501953,0.0001430406846338883,0.00410859240218997,86,2.8666666666666667
0.016793206334114075,0.5641584396362305,0.002484567901234568,-2.672748564691574e-07,-2.8179126729810378e-06,233.68768310546875,0.0016475188313052058,-0.0009404936572536826,87,2.9
0.022582579404115677,0.6414045095443726,0.0007330246913580247,0.0005949371261522174,-0.001371540129184723,1.3584322929382324,-0.006965740118175745,0.0026885145343840122,88,2.933333333333333
0.014328381977975368,0.656933605670929,0.0028935185185185184,6.460747681558132e-05,-0.0003970102407038212,0.1705888956785202,-0.001678508473560214,0.004672931507229805,89,2.966666666666667
0.014276490546762943,0.6089258790016174,0.0007098765432098765,2.9839095638806157e-09,-5.881439574295655e-05,0.014944884926080704,0.006485310383141041,0.002197814639657736,90,3.0
0.01708204112946987,1.1785825490951538,0.005324074074074074,0.00010696089157136157,-4.702254955191165e-05,356.4483947753906,0.011444865725934505,0.0015770732425153255,91,3.033333333333333
0.04293672740459442,0.574804961681366,0.00404320987654321,1.229168447025586e-05,9.994146239478141e-05,355.6962585449219,0.00020803090592380613,-0.0008631978998892009,92,3.066666666666667
0.02068060263991356,0.5958552956581116,0.0011188271604938272,0.00031216564821079373,0.00015968139632605016,174.3131866455078,0.003931249957531691,0.0007552578463219106,93,3.1
0.016094086691737175,0.7111855149269104,0.0007330246913580247,5.797996709588915e-05,-0.0008867365540936589,179.76634216308594,-0.013085110113024712,-0.00015364312275778502,94,3.1333333333333333
0.043327294290065765,0.6554080843925476,0.000787037037037037,0.0007520278450101614,-0.00024287083942908794,17.583242416381836,-0.021923432126641273,0.04173731803894043,95,3.1666666666666665
0.01778852380812168,0.563727855682373,0.0029089506172839505,-0.0014320804039016366,0.00014052996993996203,177.79632568359375,0.0006989902467466891,0.004406256135553122,96,3.2
0.017635848373174667,0.5255087614059448,6.17283950617284e-05,-0.0015556871658191085,0.0005554551025852561,302.5840759277344,0.004863018169999123,-0.0071143582463264465,97,3.2333333333333334
0.01694941520690918,0.7910400032997131,0.004205246913580247,-0.00022770352370571345,-9.725512063596398e-05,1.7384183406829834,-0.0029721627943217754,0.0027452358044683933,98,3.2666666666666666
0.0215274877846241,1.2285313606262207,0.006427469135802469,-7.634224311914295e-05,-4.130705201532692e-05,356.8134765625,-0.0021266876719892025,-0.0013708387268707156,99,3.3
0.01754073053598404,0.6739799380302429,0.0008641975308641976,-2.0014647816424258e-05,-1.4822230696154293e-06,181.6980438232422,0.0007822097395546734,0.0031032843980938196,100,3.3333333333333335
0.04725023731589317,0.678238570690155,0.0018364197530864198,-0.0027680532075464725,-0.000492142396979034,197.7200927734375,0.00024502756423316896,0.0032924574334174395,101,3.3666666666666667
0.018790950998663902,0.6825782060623169,0.0007947530864197531,1.3253416909719817e-05,-6.388162091752747e-06,177.9131317138672,-0.004514290019869804,-0.0006354254437610507,102,3.4
0.019125625491142273,0.7698686122894287,0.0043055555555555555,0.0001663918956182897,7.180147804319859e-05,175.88543701171875,0.0037839908618479967,-0.000866913003847003,103,3.433333333333333
0.01891838014125824,0.5930310487747192,0.00037037037037037035,-0.00031591695733368397,0.000431503402069211,358.85980224609375,-0.009263068437576294,0.00516689894720912,104,3.466666666666667
0.03429340198636055,1.1862443685531616,0.004969135802469136,-0.002535901963710785,0.007069188170135021,355.08966064453125,0.0004949974245391786,0.00045088358456268907,105,3.5
0.026209773495793343,0.5740475058555603,0.0006790123456790123,0.0008047540322877467,-0.0031249308958649635,305.8283996582031,0.009462435729801655,-0.0023947132285684347,106,3.533333333333333
0.0539630651473999,0.7634219527244568,0.006998456790123456,-0.004632437136024237,0.0030963707249611616,358.5408020019531,-0.002741551259532571,-0.0005550560890696943,107,3.566666666666667
0.034100454300642014,0.6956824660301208,0.005216049382716049,0.0027999384328722954,-0.006661206483840942,179.3472442626953,0.005301627796143293,-0.0004957764176651835,108,3.6
0.019736260175704956,0.7992314696311951,0.0011882716049382716,-0.00019251051708124578,-0.002342840889468789,357.58331298828125,-0.006184358149766922,-0.010477629490196705,109,3.6333333333333333
0.013199841603636742,0.7262872457504272,0.0013194444444444445,1.806380896596238e-05,-0.00012112173135392368,125.57170867919922,-0.024930212646722794,0.0012320401147007942,110,3.6666666666666665
0.016350962221622467,0.7485263347625732,0.0009645061728395061,-7.863300561439246e-05,-4.46587655460462e-05,177.51902770996094,-0.01203784067183733,0.003943605348467827,111,3.7
0.02844114787876606,0.6241506338119507,0.0035570987654320986,-0.005749108735471964,-0.0004431008128449321,353.9501647949219,-0.005427749827504158,0.00020857798517681658,112,3.7333333333333334
0.014689764007925987,0.6004465222358704,0.003148148148148148,-0.0005534591618925333,0.00012487079948186874,174.51304626464844,-0.0009691003942862153,-0.0003856058174278587,113,3.7666666666666666
0.01656862162053585,0.8288742303848267,0.004814814814814815,-1.0126876759386505e-06,-1.755365519784391e-05,359.21075439453125,-0.006666991859674454,0.001483749132603407,114,3.8
0.013560249470174313,1.377288579940796,0.0016280864197530864,-4.4816255240220926e-07,-2.6697357498051133e-06,178.943359375,0.0027456386014819145,-0.006984602194279432,115,3.8333333333333335
0.02255719155073166,0.6784271597862244,0.0037731481481481483,-0.0007038248004391789,0.001178577309474349,351.1550598144531,-0.0003723287663888186,-0.0019257019739598036,116,3.8666666666666667
0.019431769847869873,0.7047130465507507,0.0038117283950617285,-0.0002246897347504273,8.537496114513488e-07,173.20436096191406,-0.001959296176210046,-0.001484429812990129,117,3.9
0.018662475049495697,0.6603917479515076,0.0020756172839506174,-7.124609055608744e-06,-0.0004100094665773213,344.23284912109375,-0.003285744460299611,-0.00013396907888818532,118,3.933333333333333
0.026090525090694427,1.3501955270767212,0.0053626543209876545,-1.1478576197987422e-05,-0.00016714606317691505,354.12109375,0.01123841106891632,-0.0021397487726062536,119,3.966666666666667
0.02498454414308071,0.624586284160614,0.0012885802469135802,0.00016761869483161718,-0.00014082883717492223,178.28152465820312,0.005962613970041275,-0.0008458377560600638,120,4.0
0.02111150696873665,0.5670432448387146,0.000779320987654321,-7.592140173073858e-05,-2.8953996661584824e-05,199.6831512451172,0.0012268745340406895,0.0032969617750495672,121,4.033333333333333
0.02044280618429184,0.588683009147644,0.0026697530864197533,-0.0002427711442578584,3.4661694371607155e-05,355.7659912109375,-0.0012682281667366624,-0.0003023981407750398,122,4.066666666666666
0.02181578241288662,0.5540081262588501,0.0006944444444444445,2.336027864657808e-05,-5.044849240221083e-05,294.9248046875,0.0018155876314267516,-0.002792014041915536,123,4.1
0.02689358964562416,0.5670944452285767,0.0005092592592592592,1.1909694876521826e-05,-0.00042100308928638697,181.28358459472656,-0.01106711383908987,-0.002164820907637477,124,4.133333333333334
0.03178509697318077,1.2192438840866089,0.0060416666666666665,-8.526447345502675e-05,-0.0004929163260385394,175.57904052734375,-0.0013997603673487902,-0.004105227999389172,125,4.166666666666667
0.023216964676976204,0.5675464272499084,0.0009645061728395061,5.907363174628699e-06,-0.0003225967811886221,0.18760418891906738,0.0061172423884272575,0.004147898871451616,126,4.2
0.023266777396202087,0.7597089409828186,0.004783950617283951,4.99222005601041e-05,-0.00015293309115804732,351.2945556640625,0.0005177532439120114,0.0010961624793708324,127,4.233333333333333
0.02807120606303215,0.7850701808929443,0.00415895061728395,0.0013558681821450591,-0.0007937762420624495,180.2146759033203,0.007081032730638981,0.0038588528987020254,128,4.266666666666667
0.028752073645591736,1.4398436546325684,0.004560185185185185,0.0015089615480974317,-0.00014335410378407687,359.7633056640625,0.0005513778305612504,7.499978528358042e-05,129,4.3
0.026213273406028748,0.961036205291748,0.004189814814814815,7.217524398583919e-05,-4.298584826756269e-05,186.17503356933594,-0.0001357531436951831,-0.0035477527417242527,130,4.333333333333333
0.028250686824321747,0.9538756608963013,0.006975308641975308,0.0003088738303631544,-0.00038054626202210784,176.4561309814453,-0.00016510275600012392,-0.0005383132956922054,131,4.366666666666666
0.032608937472105026,0.6115267276763916,0.004475308641975309,0.00547797791659832,-0.0010223833378404379,182.24012756347656,-0.000656072748824954,-0.00167458551004529,132,4.4
0.03791651502251625,1.1033250093460083,0.006520061728395062,0.002707547042518854,-0.000800491776317358,177.5558624267578,-0.00456002913415432,-2.2831753085483797e-05,133,4.433333333333334
0.02690976858139038,0.6289470195770264,0.003942901234567901,0.0004954274627380073,-0.0004095951735507697,177.021728515625,0.0009199686464853585,0.0003924253105651587,134,4.466666666666667
0.027291225269436836,0.6283929944038391,0.003919753086419753,0.000538029067683965,0.0001895974564831704,253.68487548828125,0.0005964249721728265,0.0020735193975269794,135,4.5
0.032692085951566696,0.6047369837760925,0.0010030864197530865,0.0038099871017038822,-0.0016620856476947665,297.65277099609375,0.001660824753344059,-0.00129372114315629,136,4.533333333333333
0.03613033518195152,1.3111364841461182,0.00654320987654321,0.0007380636525340378,-0.00017359611229039729,352.5321350097656,-0.005200908984988928,-0.0032886513508856297,137,4.566666666666666
0.028156183660030365,1.0398963689804077,0.005671296296296297,1.1913143680430949e-05,-0.00013462896458804607,177.941162109375,-0.009208316914737225,0.003182552522048354,138,4.6
0.030809449031949043,1.1849982738494873,0.004976851851851852,1.964188868441852e-06,-1.413485369994305e-05,355.24188232421875,-0.005210522096604109,-0.0014257918810471892,139,4.633333333333334
0.03940308839082718,0.5753411650657654,0.0044907407407407405,0.0012678347993642092,-0.002072129864245653,182.19496154785156,-0.0027880112174898386,0.0008667359361425042,140,4.666666666666667
0.024969156831502914,0.7557178735733032,0.0011882716049382716,2.0668671822932083e-06,-4.56536599813262e-06,180.88784790039062,0.0016799613367766142,-0.0005332893342711031,141,4.7
0.02436540089547634,1.2261812686920166,0.004930555555555555,-9.470229542785091e-07,-3.066677663809969e-06,177.62257385253906,0.0003027278871741146,0.005972353275865316,142,4.733333333333333
0.024352775886654854,0.9823274612426758,0.007121913580246914,-1.3088239256831002e-06,1.301167685596738e-06,354.10107421875,-0.00181283475831151,0.003863571211695671,143,4.766666666666667
0.02642151527106762,0.5700225234031677,0.002808641975308642,5.735201557399705e-05,-8.64908070070669e-05,359.67919921875,-0.004823059309273958,0.001149707823060453,144,4.8
0.020921815186738968,0.6498892903327942,0.0008024691358024691,0.00016708140901755542,-0.00014428174472413957,179.9339141845703,0.0062590367160737514,-0.00016548942949157208,145,4.833333333333333
0.015220806002616882,0.6107664704322815,0.000625,4.407492815516889e-05,-0.0001594683708390221,18.487911224365234,-0.006172258406877518,0.03799064829945564,146,4.866666666666666
0.014923563227057457,0.5981658697128296,0.0009490740740740741,8.240074384957552e-05,1.5904743122518994e-06,145.31936645507812,-4.6029079385334626e-05,0.01834121346473694,147,4.9
0.01829219050705433,0.0,0.0,0.0004016085003968328,-0.0003654003667179495,nan,0.0,0.0,148,4.933333333333334
0.015097533352673054,0.0,0.0,-0.00017615177785046399,5.027884617447853e-05,nan,0.0,0.0,149,4.966666666666667
0.013796104118227959,0.5029402375221252,7.71604938271605e-06,3.4830714866984636e-05,-2.811584636219777e-05,170.17709350585938,0.10360013693571091,0.039630644023418427,150,5.0
0.017442159354686737,0.5100146532058716,7.71604938271605e-06,0.00014608571655116975,-0.00010631726763676852,179.0257568359375,-0.020436717197299004,-0.06444524973630905,151,5.033333333333333
0.020315976813435555,0.6297073364257812,0.000787037037037037,-0.0005080355331301689,0.00022149126743897796,195.2809600830078,0.019833162426948547,-0.004852396436035633,152,5.066666666666666
0.022031862288713455,0.582678496837616,0.000625,-0.00017963984282687306,8.62707311171107e-05,7.452112674713135,0.0062850359827280045,0.019713571295142174,153,5.1
0.020193101838231087,0.5770531296730042,0.002970679012345679,-7.115471817087382e-05,1.3157728062651586e-06,172.27691650390625,-0.00016728740592952818,0.005578750278800726,154,5.133333333333334
0.024686282500624657,1.1724721193313599,0.005416666666666667,-0.00010565286356722936,-9.83025529421866e-06,176.7570037841797,-0.008818566799163818,0.002646348439157009,155,5.166666666666667
0.02143506519496441,0.5542415976524353,0.00034722222222222224,-0.0005765330279245973,-0.0005044398712925613,177.3222198486328,0.00663440115749836,0.01337472628802061,156,5.2
0.017748959362506866,0.0,0.0,-0.0002797091146931052,-0.00015879940474405885,nan,0.0,0.0,157,5.233333333333333
0.017746666446328163,0.5825359225273132,6.944444444444444e-05,-0.00011215949052711949,-8.33111407700926e-05,0.9918393492698669,-0.06255823373794556,0.006475641392171383,158,5.266666666666667
0.016466816887259483,0.5324539542198181,4.6296296296296294e-05,-0.0003046057536266744,-0.00013915162708144635,178.26010131835938,0.03665710613131523,-0.0046886480413377285,159,5.3
0.020728930830955505,0.7721214294433594,0.0008333333333333334,-9.081496682483703e-05,0.00011624525359366089,358.4703674316406,0.03269846737384796,0.0019370438531041145,160,5.333333333333333
0.01954581029713154,0.7046726942062378,0.0024922839506172838,-6.458339339587837e-05,1.3947739716968499e-05,356.30340576171875,-0.015131627209484577,0.0009405225282534957,161,5.366666666666666
0.014042782597243786,0.6676367521286011,0.0007484567901234568,-2.9254782930365764e-05,0.00013055765884928405,179.1838836669922,-0.013080661185085773,-0.00019059691112488508,162,5.4
0.018289750441908836,0.8318870663642883,0.0045138888888888885,-1.0797259164974093e-05,-4.915296449325979e-05,175.9291534423828,-0.019441191107034683,0.003244921797886491,163,5.433333333333334
0.023314928635954857,0.6701957583427429,0.004498456790123457,-0.0003828850167337805,0.0004034187295474112,179.55429077148438,-0.004928783513605595,-0.0019403215264901519,164,5.466666666666667
0.014777296222746372,0.5249349474906921,7.71604938271605e-06,-9.624834638088942e-05,6.875937106087804e-05,170.82818603515625,0.11886083334684372,0.04922166466712952,165,5.5
0.01586553454399109,0.6242722868919373,0.0017669753086419753,4.09437063808582e-07,-1.0353364814363886e-06,179.16282653808594,-0.0036434195935726166,0.0029009743593633175,166,5.533333333333333
0.013811208307743073,0.5497601628303528,0.0010802469135802468,-3.6725094105349854e-05,-4.22839320890489e-06,357.39434814453125,-0.0028609950095415115,-0.0027130492962896824,167,5.566666666666666
0.026093367487192154,0.7669282555580139,0.002854938271604938,-0.0002604281762614846,-0.004527433775365353,0.8773773908615112,-0.009259894490242004,0.0005336632602848113,168,5.6
0.016798436641693115,0.766264021396637,0.004652777777777777,-0.00014345043746288866,-0.0005758730112574995,175.31129455566406,-0.0020645512267947197,0.0038957144133746624,169,5.633333333333334
0.01483648456633091,0.6316313743591309,0.0005246913580246914,-9.154861118076951e-07,-0.0002010947500821203,0.4897806644439697,0.013091981410980225,0.002147844061255455,170,5.666666666666667
0.01249381247907877,0.6471076011657715,0.0011882716049382716,8.146257357566355e-08,-3.253207523812307e-06,172.32630920410156,0.0036039825063198805,0.011623848229646683,171,5.7
0.025325464084744453,1.4699945449829102,0.005887345679012346,-0.0005049221217632294,-0.0007788992952555418,356.3703918457031,0.0010783307952806354,-0.0028333752416074276,172,5.733333333333333
0.018811939284205437,0.8930030465126038,0.005277777777777778,-0.0003232622111681849,2.937748286058195e-05,176.6871795654297,0.002603888278827071,0.00011245967471040785,173,5.766666666666667
0.015547877177596092,0.5556174516677856,0.0016049382716049382,0.0002373681345488876,-0.0007473549339920282,177.84288024902344,0.00010740176367107779,-0.0008317799656651914,174,5.8
0.020032020285725594,0.6612248420715332,0.006666666666666667,-0.00024444222799502313,0.0003435237449593842,351.9141845703125,0.0005138426786288619,5.859688462805934e-05,175,5.833333333333333
0.020634494721889496,0.5325847864151001,0.0013734567901234568,-0.00020717037841677666,-0.0005865607527084649,175.8111572265625,-0.0018893544329330325,-9.834314550971612e-05,176,5.866666666666666
0.017163394019007683,0.6038605570793152,0.0010339506172839506,-0.00018152303528040648,-0.0005869285669177771,170.34556579589844,0.008639127016067505,0.010872655548155308,177,5.9
0.015473299659788609,0.7488798499107361,0.002145061728395062,-4.177089431323111e-05,-0.00037436361890286207,350.92779541015625,0.0025149695575237274,-0.0002271417179144919,178,5.933333333333334
0.014948797412216663,0.5508925318717957,0.0004089506172839506,2.5835288397502154e-05,-0.0002806701813824475,359.94207763671875,0.03230084851384163,0.00048450520262122154,179,5.966666666666667
0.019374286755919456,0.0,0.0,3.0404773497139104e-05,-0.002489555161446333,nan,0.0,0.0,180,6.0
0.012467975728213787,0.6823781728744507,0.00016975308641975308,0.0002592333476059139,-0.00021722528617829084,30.239168167114258,-0.02932833321392536,0.06551380455493927,181,6.033333333333333
0.010836739093065262,0.0,0.0,0.00010041837231256068,-8.940396219259128e-05,nan,0.0,0.0,182,6.066666666666666
0.014309347607195377,0.625883162021637,0.00018518518518518518,-0.00016553900786675513,-0.0009876505937427282,15.132760047912598,-0.024403246119618416,0.04227937385439873,183,6.1
0.017379289492964745,0.5123651027679443,3.08641975308642e-05,0.00017716526053845882,-0.0025062859058380127,354.55743408203125,-0.07975326478481293,-0.00053023686632514,184,6.133333333333334
0.01693597435951233,0.0,0.0,-9.934889385476708e-05,-0.0005416428903117776,nan,0.0,0.0,185,6.166666666666667
0.011630227789282799,0.5036051273345947,2.3148148148148147e-05,8.505614823661745e-05,-0.00029309059027582407,176.5651397705078,0.029341822490096092,0.01168531458824873,186,6.2
0.013338523916900158,0.5968628525733948,0.0021141975308641976,-1.981899913516827e-05,-4.374636773718521e-05,171.64549255371094,-0.0042490772902965546,0.004642522893846035,187,6.233333333333333
0.02138482592999935,0.6057041883468628,0.0011496913580246913,0.0004338251892477274,-0.0035228037741035223,177.2019500732422,-0.013977362774312496,-0.0038784686475992203,188,6.266666666666667
0.020632438361644745,0.5420852303504944,2.3148148148148147e-05,0.0001889902341645211,-0.004192824009805918,174.32801818847656,0.029100792482495308,-0.0003925468772649765,189,6.3
0.017240868881344795,0.5566866397857666,0.0038888888888888888,0.00013896737073082477,-0.00039168339571915567,357.7567138671875,0.00043309584725648165,-0.0009415203821845353,190,6.333333333333333
0.014758841134607792,0.5486013293266296,0.0005015432098765432,0.0002748921397142112,-3.2035954063758254e-05,175.81365966796875,0.004378640092909336,-0.00039470443152822554,191,6.366666666666666
0.022761747241020203,0.8271843791007996,0.00283179012345679,-0.0003206308465451002,-0.0018806664738804102,177.20640563964844,-0.004832486622035503,0.0009306740830652416,192,6.4
0.02120477892458439,0.7006798386573792,0.0049382716049382715,-0.00022873692796565592,0.000623592990450561,355.50054931640625,-0.0030306417029350996,-6.62196398479864e-05,193,6.433333333333334
0.014105087146162987,0.5031948685646057,2.3148148148148147e-05,-8.75900877872482e-06,-0.00017976362141780555,280.1153564453125,0.05787545442581177,-0.014098758809268475,194,6.466666666666667
0.014517633244395256,0.5787918567657471,0.0006558641975308642,-9.460492833568424e-08,-0.00018996369908563793,13.641481399536133,0.02566426247358322,0.005207497626543045,195,6.5
0.02814624086022377,0.7278427481651306,0.005046296296296296,-0.0010761481244117022,-0.00019289391639176756,355.7998962402344,0.0032295226119458675,-0.0010683266445994377,196,6.533333333333333
0.014439310878515244,0.0,0.0,-0.0006169845000840724,0.0002270672412123531,nan,0.0,0.0,197,6.566666666666666
0.01756603829562664,0.7697604894638062,0.0043287037037037035,-0.0001321434829151258,1.5028953384899069e-05,174.8161163330078,0.004490377381443977,0.001035788911394775,198,6.6
0.012976699508726597,0.5526890754699707,0.00013117283950617284,-8.928095951432624e-08,-7.983499926922377e-06,174.17308044433594,0.0029712228570133448,0.0045347316190600395,199,6.633333333333334
0.04076133295893669,0.6132554411888123,0.0006095679012345679,0.001640276052057743,-0.0016171012539416552,9.627992630004883,0.0197867751121521,1.4823543097008951e-05,200,6.666666666666667
0.021849410608410835,0.6248193383216858,0.0032407407407407406,3.739206294994801e-05,-8.700712351128459e-05,179.99179077148438,0.0030054727103561163,-0.003576946211978793,201,6.7
0.047910090535879135,0.6259955167770386,0.0043287037037037035,0.00022408243967220187,-0.0010303762974217534,169.16233825683594,-0.003059826325625181,0.005217795260250568,202,6.733333333333333
0.018124310299754143,0.6032875180244446,0.00036265432098765433,0.00019428084488026798,-0.0001112726895371452,4.575028896331787,-0.0047243135049939156,0.006161901634186506,203,6.766666666666667
0.021844908595085144,0.5029750466346741,1.54320987654321e-05,0.0009018219425342977,-0.001729465089738369,89.23246765136719,-0.021859174594283104,0.00131641561165452,204,6.8
0.023411018773913383,0.5663508772850037,0.0007407407407407407,0.0004115962074138224,-0.0014806141844019294,309.7481689453125,0.0008411032031290233,-0.0004118621873203665,205,6.833333333333333
0.019226929172873497,0.5175387263298035,4.6296296296296294e-05,0.0001959320215974003,-0.001202538376674056,299.9562072753906,0.0189557746052742,-0.02115730009973049,206,6.866666666666666
0.01898392289876938,0.5592020153999329,0.0008256172839506173,5.940313349128701e-05,-0.0005448798183351755,234.93505859375,-0.0063679637387394905,0.0015280965017154813,207,6.9
0.02236560918390751,0.6753915548324585,0.004375,0.00021128708613105118,-0.0006815370870754123,178.5428466796875,0.004863292444497347,-0.0011243559420108795,208,6.933333333333334
0.022893205285072327,0.6129412055015564,0.0008950617283950618,-9.666708501754329e-05,-0.0016717443941161036,176.58189392089844,0.01484282873570919,-1.4377693332789931e-05,209,6.966666666666667
0.05420839786529541,0.6272522211074829,0.004475308641975309,-0.0006955070421099663,-0.006901947781443596,176.31947326660156,-0.0010707476176321507,-0.0006586153176613152,210,7.0
0.02015850692987442,0.564414381980896,0.0016820987654320987,-7.203476343420334e-06,0.0005348131526261568,1.4089775085449219,-0.004290510900318623,0.0008419642690569162,211,7.033333333333333
0.024432359263300896,0.0,0.0,-0.0002630770322866738,0.002683431375771761,nan,0.0,0.0,212,7.066666666666666
0.0232524536550045,0.6037546396255493,0.0016280864197530864,8.238474947575014e-06,0.0017786051612347364,358.04052734375,0.008334089070558548,-0.002373344264924526,213,7.1
0.02444387413561344,1.1117433309555054,0.005925925925925926,-7.198682396847289e-06,7.434212602674961e-05,355.8302001953125,-0.0013426067307591438,-0.005611782427877188,214,7.133333333333334
0.017349721863865852,0.5434107184410095,3.08641975308642e-05,-1.916082328534685e-05,0.00018303596880286932,2.060974597930908,0.03012213110923767,-0.002773885615170002,215,7.166666666666667
0.021746978163719177,0.5800967812538147,0.001095679012345679,-1.2952270935784327e-06,-4.307377821533009e-06,176.6243896484375,0.005546571686863899,0.008372277021408081,216,7.2
0.0669625997543335,1.0776861906051636,0.0066512345679012345,-0.0016192710027098656,0.004193542525172234,358.5530090332031,0.0023321923799812794,0.004422022961080074,217,7.233333333333333
0.020475342869758606,0.0,0.0,1.7347594621242024e-05,0.00022395772975869477,nan,0.0,0.0,218,7.266666666666667
0.02426571398973465,0.8306810259819031,0.004475308641975309,-0.00031645779381506145,0.0004641493142116815,175.9029998779297,-0.0035406576935201883,0.0002485036966390908,219,7.3
0.02754366211593151,0.612356960773468,0.0011651234567901234,0.00046943279448896646,0.0006847037584520876,180.286865234375,-0.008267498575150967,0.0030944005120545626,220,7.333333333333333
0.028799979016184807,0.8157268166542053,0.006790123456790123,8.041597902774811e-05,1.536242780275643e-05,347.64849853515625,0.0049619716592133045,0.0016416831640526652,221,7.366666666666666
0.024557212367653847,0.8015384078025818,0.009382716049382716,1.0131885574082844e-05,-2.1013320292695425e-06,179.6755828857422,-0.00036819171509705484,-0.000768479541875422,222,7.4
0.02684556320309639,0.7083694338798523,0.00988425925925926,-2.0640395632653963e-06,-5.4433776313089766e-06,178.43362426757812,-0.00035492569440975785,0.0008082616841420531,223,7.433333333333334
0.04175151139497757,0.8478484153747559,0.011157407407407408,0.0011179244611412287,-0.0017604856984689832,177.04185485839844,-0.0009583798819221556,0.0011402178788557649,224,7.466666666666667
0.026633834466338158,0.9521124958992004,0.006358024691358025,4.282514964870643e-07,-5.097515440866118e-06,170.05848693847656,-0.010930797085165977,-0.006532532628625631,225,7.5
0.017732305452227592,0.531948983669281,0.0020987654320987655,2.7652663447952364e-07,-3.5958801163360476e-06,181.35841369628906,-0.00109945610165596,0.00013290827337186784,226,7.533333333333333
0.014851586893200874,0.6098085641860962,0.004753086419753087,4.606962420439231e-07,-1.9203218926122645e-06,0.23840397596359253,-0.0018152964767068624,0.005998879671096802,227,7.566666666666666
0.023767748847603798,0.7036271691322327,0.005578703703703704,0.00039277630276046693,-0.000797256943769753,359.4147033691406,-0.00024367516743950546,-0.0007389472448267043,228,7.6
0.022504184395074844,0.9272855520248413,0.006118827160493827,0.00036911596544086933,-0.00029819668270647526,355.96734619140625,0.0004459118936210871,-0.00016835778660606593,229,7.633333333333334
0.01865668222308159,0.6759565472602844,0.0009490740740740741,3.242042657802813e-05,-7.535796612501144e-05,2.072253465652466,0.009892716072499752,0.00867295078933239,230,7.666666666666667
0.019246842712163925,0.6209908127784729,0.001242283950617284,0.0005265628569759429,-2.7860893169417977e-05,177.59515380859375,0.005827712826430798,-0.003678653622046113,231,7.7
0.04427265748381615,0.688252866268158,0.0008950617283950618,-0.0021064365282654762,-0.004987289197742939,179.28768920898438,-0.0005808877758681774,-0.003286767052486539,232,7.733333333333333
0.026001296937465668,0.6593062877655029,0.0017669753086419753,0.0007254575612023473,-0.0006252194289118052,324.7900390625,0.004427903797477484,-7.620180258527398e-05,233,7.766666666666667
0.025076095014810562,0.5924301743507385,0.0009953703703703704,0.00016790159861557186,-1.594074274180457e-05,341.5739440917969,0.006298059597611427,0.0041703409515321255,234,7.8
0.05139949545264244,0.710930585861206,0.0013271604938271606,0.0007951372535899282,-6.698638026136905e-05,321.7845153808594,-0.0075803836807608604,0.00025344465393573046,235,7.833333333333333
0.029968148097395897,0.6164132356643677,0.002199074074074074,0.000881680054590106,-0.0006942898617126048,352.57958984375,0.013452327810227871,0.003303936682641506,236,7.866666666666666
0.030311105772852898,0.6310127973556519,0.0010108024691358026,0.00042537949047982693,-0.0014309153193607926,307.0387268066406,0.03040383942425251,0.02092021144926548,237,7.9
0.026425309479236603,0.6457191705703735,0.0013194444444444445,9.421794675290585e-05,-0.00026272752438671887,306.0442810058594,0.03875812515616417,0.019404510036110878,238,7.933333333333334
0.0321020670235157,0.5990012288093567,0.00712962962962963,-4.6711684262845665e-06,-0.00011197227286174893,323.9753112792969,0.006022518500685692,0.004791975021362305,239,7.966666666666667
0.03803371638059616,0.5686087012290955,0.012584876543209876,-0.000280901906080544,-0.0008465565042570233,274.196044921875,0.005364052951335907,0.0033682677894830704,240,8.0
0.04186472296714783,0.5683356523513794,0.023958333333333335,-0.000489954196382314,-5.3516523621510714e-05,269.9854736328125,0.004724444821476936,0.0013457974418997765,241,8.033333333333333
0.040851108729839325,0.6015897393226624,0.02652777777777778,-0.0001517736673122272,-0.0002940899576060474,269.4786682128906,0.005061316769570112,0.0010180877288803458,242,8.066666666666666
0.044327836483716965,0.6244878768920898,0.03209876543209877,2.666109867277555e-05,-7.820059545338154e-05,259.26971435546875,0.005019636359065771,0.0005019092932343483,243,8.1
0.04596748948097229,0.635364294052124,0.028711419753086418,-5.214640259509906e-05,-1.2822641110687982e-05,267.41119384765625,0.006233601365238428,0.0008730769040994346,244,8.133333333333333
0.04898836091160774,0.6688392758369446,0.032762345679012345,9.306702122557908e-05,-0.00016801505989860743,272.49560546875,0.005420830566436052,0.0001918650814332068,245,8.166666666666666
0.046937134116888046,0.6912139058113098,0.03410493827160494,1.4620809452026151e-05,3.699649369082181e-07,269.768798828125,0.007635190617293119,-0.001206273096613586,246,8.2
0.0833197757601738,0.7022687792778015,0.036126543209876544,0.004660816863179207,-0.00533840898424387,273.04583740234375,0.0064829192124307156,-0.00018940558948088437,247,8.233333333333333
0.0451999306678772,0.7289521098136902,0.036682098765432096,1.131561511158452e-08,-4.4660882281277736e-07,265.36492919921875,0.0070526450872421265,-0.00026605025050230324,248,8.266666666666667
0.07652567327022552,0.7454989552497864,0.03964506172839506,-0.004902723245322704,-0.007547944784164429,265.89080810546875,0.006938962731510401,-0.0019487588433548808,249,8.3
0.056147776544094086,0.7223857641220093,0.042854938271604935,-1.7213375031133182e-05,-0.002222095848992467,267.04150390625,0.007013283669948578,-0.0010430568363517523,250,8.333333333333334
0.05060458555817604,0.6834512948989868,0.037523148148148146,1.0381527317804284e-05,-0.0007100075599737465,269.47998046875,0.006097279954701662,-0.0005740850465372205,251,8.366666666666667
0.08638598024845123,0.6876116394996643,0.04219135802469136,0.0003773990902118385,-0.0001348658261122182,275.1039733886719,0.005420639179646969,0.0006533417035825551,252,8.4
0.05154455825686455,0.6613055467605591,0.036944444444444446,-0.0007435584557242692,-1.4094704965827987e-05,269.7206726074219,0.0050268457271158695,0.000451291271019727,253,8.433333333333334
0.057428989559412,0.7491323351860046,0.03654320987654321,-0.0004813218838535249,-0.0007302507292479277,293.09820556640625,0.0043893130496144295,0.001672817743383348,254,8.466666666666667
0.0457603856921196,0.6271671652793884,0.027901234567901233,-0.0001069889694917947,-0.0005309602711349726,257.61651611328125,0.004571407102048397,0.001620389986783266,255,8.5
0.039575397968292236,0.5712454915046692,0.01986111111111111,3.186440881108865e-05,-0.00034892186522483826,275.83221435546875,0.004901938606053591,0.0024704865645617247,256,8.533333333333333
0.0447048619389534,0.5820790529251099,0.019320987654320988,-0.0005830724257975817,-0.00044224277371540666,261.7790222167969,0.00387049512937665,0.002692488254979253,257,8.566666666666666
0.04274148866534233,0.5958681106567383,0.014945987654320987,-5.087806130177341e-06,-7.921735232230276e-05,280.1399230957031,0.009359277784824371,0.002853171667084098,258,8.6
0.040487125515937805,0.5634447336196899,0.010979938271604938,-9.744395356392488e-05,4.698174961959012e-06,278.34228515625,0.007995483465492725,0.0038936880882829428,259,8.633333333333333
0.0626324936747551,0.5561490058898926,0.012839506172839505,-0.0008878967491909862,-0.0043799481354653835,275.3668518066406,0.004589380696415901,0.0015501546440646052,260,8.666666666666666
0.04916078969836235,0.5990094542503357,0.022700617283950616,0.0005975438980385661,-0.0007662964053452015,277.43792724609375,0.002289556199684739,0.0016182539984583855,261,8.7
0.04926983639597893,0.6265130043029785,0.027492283950617286,-0.0006562622147612274,-0.0005823592655360699,272.23675537109375,0.005375967361032963,0.0020560892298817635,262,8.733333333333333
0.04681765288114548,0.642029345035553,0.02875,-5.372367741074413e-05,-0.0006756754592061043,269.7715759277344,0.004867261741310358,0.0017400553915649652,263,8.766666666666667
0.04624387249350548,0.6417354345321655,0.031003086419753086,-0.0006298954831436276,-0.000626845343504101,270.0816345214844,0.002942846855148673,-0.0005255278083495796,264,8.8
0.04880503937602043,0.6374696493148804,0.03344135802469136,6.0308564570732415e-05,-0.0003094135317951441,264.7275390625,0.0026296242140233517,-0.0009299226803705096,265,8.833333333333334
0.05090441182255745,0.6603143215179443,0.032700617283950614,0.00012836794485338032,0.0008845652919262648,272.21368408203125,0.0017212277743965387,-0.0006382422870956361,266,8.866666666666667
0.051707323640584946,0.6507697701454163,0.03186728395061728,-0.00014752670540474355,0.0017164981691166759,277.0611877441406,0.002958489116281271,-0.00042585592018440366,267,8.9
0.046537913382053375,0.6284831762313843,0.028271604938271605,-0.00041399389738216996,0.0010419415775686502,278.0572509765625,0.0020556424278765917,-0.00011044252460123971,268,8.933333333333334
0.054589852690696716,0.6961933970451355,0.035138888888888886,-0.00030944234458729625,0.0007317333947867155,295.87432861328125,0.0026212360244244337,-0.0014104670844972134,269,8.966666666666667
0.08137133717536926,0.6097975969314575,0.027924382716049384,-0.0008509612525813282,0.002922115847468376,274.8377990722656,0.0030485703609883785,-3.679815199575387e-05,270,9.0
0.042801786214113235,0.571536660194397,0.013248456790123457,0.00023421381774824113,-0.0021298974752426147,293.2845153808594,0.0008977895486168563,0.0020947682205587626,271,9.033333333333333
0.03953384608030319,1.1699330806732178,0.008225308641975309,0.0007027650135569274,-7.203818768175552e-06,352.24896240234375,0.006958627607673407,0.004325378220528364,272,9.066666666666666
0.027922170236706734,0.691709578037262,0.0006481481481481481,6.61467929603532e-05,0.00047536473721265793,314.0519104003906,0.02485593967139721,0.03891528397798538,273,9.1
0.05563516542315483,0.9422338604927063,0.005902777777777778,-0.0017281841719523072,-0.0052861981093883514,177.27151489257812,0.007624517660588026,-0.0015260559739544988,274,9.133333333333333
0.014130556024610996,0.7337437868118286,0.0010185185185185184,-8.796983456704766e-05,8.205193444155157e-05,203.41847229003906,0.028615271672606468,0.02113615721464157,275,9.166666666666666
0.016156967729330063,0.7193872332572937,0.0016898148148148148,2.6520154960962827e-07,0.00015378266107290983,190.1370391845703,0.00864139012992382,0.005851156543940306,276,9.2
0.023126624524593353,0.6546632051467896,0.0036882716049382717,-0.0006684254622086883,0.0007697981200180948,185.3337860107422,0.004233624320477247,0.009068114683032036,277,9.233333333333333
0.03362683579325676,0.7006893157958984,0.0073070987654320985,0.00026618788251653314,0.0013381680473685265,245.0142059326172,0.0014579618582502007,-0.0034308338072150946,278,9.266666666666667
0.061294734477996826,0.7863448858261108,0.006388888888888889,0.0036932602524757385,0.003829821478575468,183.51268005371094,-0.00021006260067224503,0.010467943735420704,279,9.3
0.04369175806641579,0.9598096013069153,0.012993827160493828,0.0013919186312705278,-0.0006608600961044431,179.4434814453125,0.0035600841511040926,4.088793502887711e-06,280,9.333333333333334
0.042158093303442,1.182810664176941,0.012623456790123456,0.0001701761211734265,0.0006857836851850152,176.39683532714844,0.0019037111196666956,-0.00014544873556587845,281,9.366666666666667
0.04602905362844467,1.1795653104782104,0.012229938271604937,0.0006023418391123414,0.0021346197463572025,175.58590698242188,-0.0024245146196335554,0.0012250334257259965,282,9.4
0.03730599209666252,0.8006011247634888,0.013016975308641975,0.0006532522384077311,0.0025627247523516417,14.10903263092041,0.0019309096969664097,0.0011127686593681574,283,9.433333333333334
0.0359942764043808,0.6323506832122803,0.010810185185185185,0.0007101709488779306,0.002813589060679078,359.8221130371094,0.000430112995672971,0.0023993365466594696,284,9.466666666666667
0.04177360236644745,0.8642741441726685,0.014429012345679013,0.0014847362181171775,0.0036258231848478317,359.2059631347656,0.0014384642709046602,0.003965458832681179,285,9.5
0.0431576743721962,0.9447812438011169,0.014992283950617283,0.0013658897951245308,0.0013042713981121778,358.173095703125,-0.00018459110287949443,-0.0017564698355272412,286,9.533333333333333
0.035688284784555435,0.8706075549125671,0.011751543209876543,0.0006628662813454866,-1.77179099409841e-05,357.46478271484375,0.004347241949290037,0.004098683595657349,287,9.566666666666666
0.06478961557149887,0.9206104874610901,0.00912037037037037,0.004963722079992294,-0.00017577271501068026,345.5906982421875,0.0025176249910146,0.004356006626039743,288,9.6
0.03060458041727543,1.0556159019470215,0.008518518518518519,9.14232077775523e-05,-7.041510252747685e-05,352.78887939453125,0.004832747392356396,0.003280463395640254,289,9.633333333333333
0.023429719731211662,0.7170335054397583,0.003950617283950617,0.0003182136279065162,-0.0014622152084484696,249.50723266601562,0.014937334693968296,0.010066807270050049,290,9.666666666666666
0.02389458753168583,0.6689867973327637,0.0027546296296296294,0.0003962556947953999,-0.00027032959042117,297.8389587402344,0.030959362164139748,0.018695687875151634,291,9.7
0.02933765947818756,0.7023398280143738,0.013433641975308643,1.361876456940081e-05,-0.0019032943528145552,266.43609619140625,0.00837610475718975,0.006734457798302174,292,9.733333333333333
0.028386162593960762,0.6437316536903381,0.007924382716049382,0.00021420596749521792,-0.001311587169766426,277.8461608886719,0.011627068743109703,0.007259420119225979,293,9.766666666666667
0.030921287834644318,1.2457412481307983,0.0055709876543209875,-0.00016748890629969537,-0.0007441656198352575,182.3386993408203,0.01948847435414791,0.01162055041640997,294,9.8
0.019412191584706306,0.7377445101737976,0.004452160493827161,4.621236257662531e-06,-0.001161718973889947,348.4883117675781,0.01816524937748909,0.011728459037840366,295,9.833333333333334
0.05285182595252991,0.7422118782997131,0.0044675925925925924,-0.0007765220943838358,-3.932481922674924e-05,337.34075927734375,0.015591413713991642,0.01608373038470745,296,9.866666666666667
0.028271842747926712,0.6827492713928223,0.007469135802469135,-0.0005840376252308488,-6.755975482519716e-05,145.08631896972656,0.005104290321469307,0.007508974988013506,297,9.9
0.029667561873793602,0.809515118598938,0.006504629629629629,0.0001908082776935771,0.00022941271890886128,187.3129119873047,0.01334574818611145,0.007851793430745602,298,9.933333333333334
0.0344117097556591,1.3302510976791382,0.014837962962962963,-3.920222297892906e-05,4.405616346048191e-05,181.10340881347656,0.008555378764867783,0.00017289524839725345,299,9.966666666666667
0.034640420228242874,1.383240818977356,0.014398148148148148,-0.0001344229094684124,-7.172059122240171e-05,178.49676513671875,0.0027297332417219877,0.0027179308235645294,300,10.0
0.03594639524817467,1.3544715642929077,0.013495370370370371,-0.0002839833905454725,-0.00025410487432964146,177.18548583984375,0.0003152637800667435,6.307227886281908e-05,301,10.033333333333333
0.03690202161669731,1.2365598678588867,0.012075617283950617,-0.00035380091867409647,0.0014970132615417242,176.1366424560547,0.0037665367126464844,0.0006264671101234853,302,10.066666666666666
0.02588454633951187,0.8391151428222656,0.008094135802469135,-0.0004324815818108618,0.0003245907137170434,186.8263397216797,0.00906964112073183,0.005708737298846245,303,10.1
0.021917106583714485,0.7241967916488647,0.006257716049382716,-0.00019301532302051783,0.000356696720700711,353.2901611328125,0.009743458591401577,0.005728373769670725,304,10.133333333333333
0.02531500905752182,0.6185760498046875,0.008973765432098765,2.64833724941127e-05,0.0008436742937192321,352.74615478515625,0.0053883264772593975,0.004070167895406485,305,10.166666666666666
0.02677873894572258,0.6096335053443909,0.00415895061728395,8.778055189395673e-07,0.0007495497120544314,355.3125,0.0023631297517567873,0.0011720816837623715,306,10.2
0.05799142271280289,0.6384309530258179,0.01015432098765432,-0.0008368599810637534,0.0020991810597479343,31.867666244506836,0.0043465266935527325,0.00375486072152853,307,10.233333333333333
0.04229680076241493,0.7270453572273254,0.009050925925925926,-9.722267577672028e-07,0.001912386855110526,57.90406036376953,0.002812807448208332,0.003084959927946329,308,10.266666666666667
0.025904377922415733,0.6989683508872986,0.003472222222222222,-1.166074298453168e-06,0.0001480072533013299,359.9701843261719,0.0064375377260148525,0.008838994428515434,309,10.3
0.01872973144054413,0.7035543918609619,0.0022916666666666667,-1.1767578911303644e-08,2.8348833893687697e-06,348.795654296875,0.004793006926774979,0.01450461894273758,310,10.333333333333334
0.037221964448690414,0.7954622507095337,0.018194444444444444,-2.0176191384280173e-08,-2.6739835448097438e-06,335.44586181640625,0.004160416778177023,0.0006302165566012263,311,10.366666666666667
0.04810585454106331,0.9651349186897278,0.018996913580246914,0.0028693368658423424,-0.002443252829834819,281.9394836425781,0.0048934705555438995,0.0027354059275239706,312,10.4
0.046300292015075684,1.0688716173171997,0.01974537037037037,0.002382401842623949,-0.0015245908871293068,295.229248046875,0.002743212040513754,0.0010684733279049397,313,10.433333333333334
0.03444427624344826,0.6504523158073425,0.008726851851851852,0.00266406312584877,-0.0010388530790805817,294.6355895996094,0.006007438059896231,0.002383108250796795,314,10.466666666666667
0.02356094680726528,0.6710847020149231,0.002183641975308642,0.00037839679862372577,-5.453348785522394e-05,196.45663452148438,0.01586909219622612,0.005511200521141291,315,10.5
0.07039431482553482,0.6548864245414734,0.014475308641975309,0.0026098971720784903,0.0008281018817797303,48.43458557128906,0.004292316269129515,0.0033508166670799255,316,10.533333333333333
0.03831585869193077,0.8771210312843323,0.016743827160493826,-2.636739509398467e-06,6.87816145727993e-06,102.778076171875,-0.004027737770229578,-0.0007139434455893934,317,10.566666666666666
0.048729218542575836,1.2682818174362183,0.023780864197530865,-4.730746923087281e-07,4.03973081120057e-06,83.09300994873047,-0.0014690214302390814,0.0005533737130463123,318,10.6
0.03630479797720909,1.2743778228759766,0.013078703703703703,-8.710330803296529e-07,1.867314153969346e-06,176.58432006835938,0.0003408512275200337,0.000756310997530818,319,10.633333333333333
0.034510642290115356,1.1694693565368652,0.010833333333333334,-0.002032678574323654,-0.0016400988679379225,177.080078125,0.005278113763779402,0.0005374022875912488,320,10.666666666666666
0.030050627887248993,0.6689717769622803,0.00970679012345679,-0.003781817387789488,-0.0006852814694866538,208.14459228515625,0.006910630501806736,0.003089803969487548,321,10.7
0.024292726069688797,0.7043648362159729,0.008912037037037038,-0.0010108300484716892,-0.00024838821263983846,231.9715118408203,0.0021271572913974524,0.005122999660670757,322,10.733333333333333
0.02478516846895218,0.6841334104537964,0.008580246913580248,-0.00012884923489764333,-5.484607754624449e-05,248.19442749023438,0.007288202177733183,0.011146591044962406,323,10.766666666666667
0.02376745454967022,0.9728684425354004,0.00022376543209876544,-0.004628968425095081,-0.00011273434211034328,301.86212158203125,0.1162538230419159,0.06086788326501846,324,10.8
0.02140381932258606,0.7416808605194092,0.001705246913580247,-0.0006243629613891244,0.00013529809075407684,185.55697631835938,0.009078982286155224,0.008025283925235271,325,10.833333333333334
0.019468087702989578,0.5965183973312378,0.005871913580246913,-4.243418879923411e-05,-9.592506103217602e-06,52.67229461669922,0.006339844316244125,0.0007620584801770747,326,10.866666666666667
0.02564082108438015,0.6741732358932495,0.009328703703703704,-7.017508778517367e-07,8.668698137626052e-05,47.125938415527344,0.004035593010485172,-0.00113958609290421,327,10.9
0.02985038422048092,0.6929287910461426,0.00952932098765432,-1.0157776159758214e-05,0.0010926253162324429,61.60559844970703,-0.0055139982141554356,-0.00039500341517850757,328,10.933333333333334
0.02529071643948555,0.7137107253074646,0.005601851851851852,-1.7291862604906783e-05,0.00026241136947646737,353.528076171875,0.008112220093607903,0.0061615221202373505,329,10.966666666666667
0.021620187908411026,0.624360978603363,0.0055246913580246915,-0.0008020165842026472,0.0004950339789502323,354.7961730957031,0.007997081615030766,0.0059930444695055485,330,11.0
0.02773459628224373,0.6723660826683044,0.00915895061728395,0.0001489996211603284,0.0006282856920734048,253.70599365234375,0.00881931371986866,0.005694868043065071,331,11.033333333333333
0.0625457614660263,0.7722814679145813,0.018881172839506175,-0.000875050900503993,-0.0013469327241182327,293.42156982421875,0.0024012932553887367,0.00324043701402843,332,11.066666666666666
0.036711592227220535,0.6574859023094177,0.014012345679012345,-0.0003682919777929783,-0.0006158512551337481,264.64935302734375,0.004061810672283173,0.005848391447216272,333,11.1
0.03478996083140373,0.8573794960975647,0.005779320987654321,0.001193977426737547,-0.002972150221467018,187.17361450195312,0.008841397240757942,0.00861795712262392,334,11.133333333333333
0.05547849088907242,1.3328351974487305,0.006111111111111111,-0.0012222150107845664,-0.00021558627486228943,354.4678955078125,0.0010461078491061926,0.013877935707569122,335,11.166666666666666
0.037417005747556686,0.6165869235992432,0.008186728395061729,0.0023622065782546997,0.000984454876743257,50.50656509399414,0.003541146405041218,0.0018861211137846112,336,11.2
0.02813144586980343,0.7465050220489502,0.009598765432098765,6.606516399187967e-05,6.75662136018218e-07,59.52452087402344,0.0006039265426807106,-0.0018844654550775886,337,11.233333333333333
0.03202935680747032,0.6774545907974243,0.011496913580246914,1.2273669653950492e-06,1.1417266421176464e-07,39.796775817871094,-0.0010734606767073274,0.003104184987023473,338,11.266666666666667
0.03484413027763367,1.4418585300445557,0.007785493827160494,-5.6369288358837366e-05,3.8080420381447766e-06,177.1094207763672,-0.0033773852046579123,-0.0004610528703778982,339,11.3
0.03452461212873459,1.042622685432434,0.00746141975308642,-0.00021121607278473675,-0.0002060406404780224,355.9778747558594,0.0050011915154755116,-0.002776439767330885,340,11.333333333333334
0.03978092223405838,0.8949320316314697,0.011435185185185185,-0.0007748240604996681,-0.0001612793857930228,201.84889221191406,0.0045018852688372135,0.00575565081089735,341,11.366666666666667
0.06400454789400101,0.7359994649887085,0.01150462962962963,-0.0012177976313978434,-0.00244506960734725,225.8174285888672,0.005215085111558437,0.006245557218790054,342,11.4
0.03231891989707947,0.5906294584274292,0.006342592592592592,-0.00027394748758524656,-0.00015545194037258625,247.92132568359375,0.005524816457182169,0.005421048030257225,343,11.433333333333334
0.03603997081518173,0.8071897625923157,0.002939814814814815,-0.0020605898462235928,-0.0005632906686514616,355.0216979980469,0.005825432017445564,0.001821863348595798,344,11.466666666666667
0.03257520869374275,0.7147181034088135,0.001720679012345679,-0.0006875464459881186,0.0001981294626602903,228.9929962158203,0.009653436951339245,0.0022420065943151712,345,11.5
0.030507352203130722,0.5973681211471558,0.006929012345679012,-7.14988709660247e-05,5.985095049254596e-05,56.35940170288086,0.0003886245540343225,0.0020244624465703964,346,11.533333333333333
0.02989295870065689,0.6335685849189758,0.008333333333333333,-2.758784467005171e-05,5.6973949540406466e-05,69.17279815673828,-0.002819049870595336,-0.002565829548984766,347,11.566666666666666
0.03555058687925339,0.6303521990776062,0.005069444444444444,-0.00126542744692415,-5.108549885335378e-07,80.8425064086914,0.008368835784494877,0.001463586464524269,348,11.6
0.030976006761193275,0.7491067051887512,0.002955246913580247,-0.0007638438255526125,1.8205202650278807e-05,184.40138244628906,0.006076496560126543,0.01332680881023407,349,11.633333333333333
0.06556778401136398,0.7370700240135193,0.0033024691358024692,-0.00898967869579792,-0.00021378161909524351,177.6875762939453,0.004635711200535297,0.003872128902003169,350,11.666666666666666
0.039202187210321426,0.5978755354881287,0.005100308641975308,-0.0004898433107882738,-0.00022760282445233315,229.89813232421875,0.009890928864479065,0.005789759568870068,351,11.7
0.04358581081032753,0.6055749654769897,0.008726851851851852,-0.0003657122724689543,7.608724990859628e-05,228.83848571777344,0.004499573726207018,0.007182558998465538,352,11.733333333333333
0.04100379720330238,0.6544409394264221,0.0043287037037037035,0.0008298755856230855,0.00025768933119252324,342.73095703125,0.007077779155224562,0.009470404125750065,353,11.766666666666667
0.03374432772397995,0.9617047905921936,0.007314814814814815,0.00011846670531667769,-1.4799919881625101e-05,176.24337768554688,-0.002006673952564597,0.0034002733882516623,354,11.8
0.03288360312581062,0.6487847566604614,0.0035570987654320986,6.016745146553149e-07,-5.924972356297076e-06,204.8484344482422,0.011487064883112907,0.004626182373613119,355,11.833333333333334
0.04263823479413986,0.6712276339530945,0.010300925925925925,-0.001038538757711649,-0.002579539082944393,86.74877166748047,0.0011158731067553163,-0.0005379505455493927,356,11.866666666666667
0.047583285719156265,0.8159499764442444,0.012484567901234568,-0.002308902330696583,-0.0013809576630592346,176.0204620361328,0.002652882831171155,0.0015549376839771867,357,11.9
0.04341195523738861,1.0098230838775635,0.013302469135802469,-0.0007808465743437409,-0.0004517679335549474,181.0442352294922,-0.0024816005025058985,0.002278946340084076,358,11.933333333333334
0.03667363524436951,1.1545765399932861,0.011481481481481481,1.3810804375680164e-05,-0.00015524824266321957,180.10626220703125,0.006921432912349701,0.0025354393292218447,359,11.966666666666667
0.04910222440958023,1.3341996669769287,0.013526234567901235,0.00015415814414154738,-0.0026220600120723248,178.01904296875,0.00018946891941595823,0.0037398929707705975,360,12.0
0.044933006167411804,0.9521781802177429,0.011975308641975308,-0.00037113833241164684,0.0029979869723320007,179.57154846191406,-5.350423089112155e-05,0.0024047757033258677,361,12.033333333333333
0.06324999034404755,0.9459646940231323,0.007175925925925926,-0.0046411436051130295,0.0010677180252969265,184.44183349609375,-0.0017646789783611894,-0.0021780915558338165,362,12.066666666666666
0.03648108243942261,0.7217116951942444,0.0004552469135802469,-0.00010411589028080925,-0.005120784044265747,308.2186279296875,-0.0320177897810936,0.07638527452945709,363,12.1
0.033099982887506485,0.6820476055145264,0.0008024691358024691,0.0005165439797565341,-0.004367881454527378,348.4546203613281,0.027476731687784195,-0.0050039286725223064,364,12.133333333333333
0.03749547898769379,0.6476314663887024,0.002700617283950617,0.0003677698550745845,-0.004115504212677479,354.20452880859375,0.0007175676873885095,-0.0007405614596791565,365,12.166666666666666
0.06051038205623627,0.5834318995475769,0.00375,0.0005711088888347149,-0.0003177209582645446,31.835756301879883,-0.0011575146345421672,0.011455131694674492,366,12.2
0.03602037578821182,0.6030343174934387,0.004475308641975309,1.8752059986582026e-05,0.0005278035532683134,179.7483673095703,0.0008614520193077624,-0.0007249663467518985,367,12.233333333333333
0.033057861030101776,0.7113884091377258,0.005756172839506172,0.00011966294550802559,0.0010830424726009369,177.06396484375,0.007683681324124336,0.00029340057517401874,368,12.266666666666667
0.033309098333120346,0.7280754446983337,0.005617283950617284,-6.252287130337209e-05,-0.0019295394886285067,175.8518524169922,-0.0021138291340321302,-0.001166646950878203,369,12.3
0.0566750168800354,0.609311044216156,0.0044675925925925924,-0.003328463062644005,-0.004906586371362209,359.8932189941406,0.0005070928600616753,-0.0006932689575478435,370,12.333333333333334
0.035645611584186554,0.6180720329284668,0.009290123456790124,0.00024243537336587906,6.833660881966352e-05,356.0287780761719,-0.0020728998351842165,0.001812632312066853,371,12.366666666666667
0.0386413112282753,0.7997223138809204,0.013587962962962963,0.00020258566655684263,-0.0006965429056435823,357.1726379394531,0.00028022858896292746,0.0014522282872349024,372,12.4
0.062301818281412125,0.6767995357513428,0.013001543209876544,0.0016397328581660986,-0.0016956639010459185,357.20172119140625,-5.869158121640794e-05,0.004746268969029188,373,12.433333333333334
0.028944214805960655,0.7679331302642822,0.009791666666666667,7.031124550849199e-05,-3.7011435779277235e-05,357.984619140625,-0.0001221203856403008,0.0009160838671959937,374,12.466666666666667
0.02944963611662388,0.8479551672935486,0.005771604938271605,0.00024109959485940635,0.0006662171217612922,358.9367370605469,-0.0011045129504054785,0.000846472627017647,375,12.5
0.02815093658864498,0.6066452860832214,0.0019521604938271605,0.0002676149015314877,0.002938374876976013,4.343679904937744,0.004980153404176235,0.0038657423574477434,376,12.533333333333333
0.02935297042131424,0.8270400166511536,0.007554012345679012,0.0005474964855238795,-8.259759488282725e-05,357.19805908203125,-0.0012245364487171173,0.0011705928482115269,377,12.566666666666666
0.053462740033864975,0.7129019498825073,0.005864197530864198,0.004416000097990036,8.21643516246695e-06,179.96823120117188,0.0024646867532283068,0.0001323336036875844,378,12.6
0.026662766933441162,0.5930907726287842,0.003719135802469136,-0.00013033850700594485,-0.00024650912382639945,355.4768371582031,0.0011755975428968668,0.0011738474713638425,379,12.633333333333333
0.03022601082921028,0.7620857357978821,0.0043287037037037035,0.0002040677354671061,-0.0008068245952017605,354.29052734375,0.005234519485384226,-0.0013883059145882726,380,12.666666666666666
0.055416688323020935,0.6126790642738342,0.0004320987654320988,-6.633470911765471e-05,-0.0003317291266284883,88.67578887939453,-0.011402438394725323,0.03533238172531128,381,12.7
0.024102771654725075,0.648661732673645,0.001535493827160494,4.605013964464888e-05,8.016802155452751e-08,176.86912536621094,-0.003100045956671238,0.005842299200594425,382,12.733333333333333
0.02577262558043003,0.6191391944885254,0.0008256172839506173,0.0004943966632708907,0.0007155433995649219,184.14454650878906,-0.019375836476683617,0.02866346202790737,383,12.766666666666667
0.025995833799242973,0.7088021636009216,0.0044907407407407405,0.00014460649981629103,0.0016071419231593609,173.43569946289062,0.00086626858683303,0.0009403687436133623,384,12.8
0.025776442140340805,0.7554212212562561,0.0043287037037037035,0.0002724489022511989,1.5305391571018845e-05,160.91224670410156,-0.0005744376685470343,0.012004105374217033,385,12.833333333333334
0.022989053279161453,0.6502112746238708,0.004537037037037037,1.1571886716410518e-05,1.3419746210274752e-05,6.348986625671387,-0.0013175916392356157,0.003661853028461337,386,12.866666666666667
0.03001982718706131,0.8480511903762817,0.007700617283950617,0.0018198309699073434,1.5195126252365299e-05,357.7200012207031,-0.0014982945285737514,0.0037207268178462982,387,12.9
0.025064891204237938,0.8167795538902283,0.007816358024691357,0.0013972914312034845,0.00021185335936024785,5.220785617828369,0.0011072069173678756,0.0012272943276911974,388,12.933333333333334
0.026675181463360786,0.7021000981330872,0.006666666666666667,0.0006337446975521743,-0.0003209667920600623,355.7858581542969,0.0017205551266670227,0.0022563552483916283,389,12.966666666666667
0.023847240954637527,0.6491590738296509,0.005154320987654321,8.645918569527566e-05,0.00011388921120669693,354.44952392578125,0.002033819677308202,0.004447818733751774,390,13.0
0.02899380400776863,0.6769961714744568,0.00040123456790123454,0.0022453893907368183,0.001625692704692483,272.1186828613281,0.010258128866553307,0.05595839023590088,391,13.033333333333333
0.02532467618584633,0.6012592315673828,0.00216820987654321,0.0011875440832227468,0.0008485610596835613,187.26312255859375,0.0018662464572116733,0.009956915862858295,392,13.066666666666666
0.016536276787519455,0.6291132569313049,0.0005555555555555556,7.468750482075848e-06,8.860228604135045e-07,211.50035095214844,-6.174916779855266e-05,0.04328598827123642,393,13.1
0.02213946357369423,0.732141375541687,0.005709876543209876,1.0604444469208829e-05,3.2802095120132435e-06,176.84329223632812,0.0009761276887729764,0.0040136477909982204,394,13.133333333333333
0.026618516072630882,0.796583354473114,0.004359567901234568,0.0007445839000865817,2.1581046894425526e-05,352.5491638183594,0.005090643651783466,0.003050160128623247,395,13.166666666666666
0.01999495178461075,0.6250203251838684,0.0015509259259259259,0.0002187347854487598,1.9797303139057476e-06,2.5305426120758057,0.01058560237288475,0.02115943469107151,396,13.2
0.02927802875638008,0.8316423892974854,0.005555555555555556,0.0018235179595649242,-0.0018077811691910028,174.39866638183594,-0.000576975813601166,0.006541164126247168,397,13.233333333333333
0.04722442850470543,0.7101514339447021,0.0021064814814814813,0.003014436922967434,-0.0002253020938951522,354.1211242675781,-0.006805993616580963,0.012001299299299717,398,13.266666666666667
0.030621221289038658,0.8971226215362549,0.005864197530864198,-0.002402485813945532,-0.00037538737524300814,354.9189758300781,-0.0036865402944386005,0.007750893943011761,399,13.3
0.05371851846575737,0.6419038772583008,0.0016203703703703703,-0.0031031365506350994,-0.00016478080942761153,333.8102111816406,-0.0035518936347216368,0.030376849696040154,400,13.333333333333334
0.02086428739130497,0.6765466332435608,0.0033024691358024692,-1.8392336642136797e-05,-0.00035245215985924006,356.7408752441406,-0.0018053394742310047,0.006868765689432621,401,13.366666666666667
0.015980156138539314,0.7100396752357483,0.0016898148148148148,-0.0003279919328633696,-6.589377881027758e-05,183.2914581298828,0.0030882679857313633,0.009809715673327446,402,13.4
0.021776605397462845,0.788415253162384,0.0025462962962962965,9.590410627424717e-05,0.0001574853085912764,183.5352020263672,-0.015544592402875423,0.005870619788765907,403,13.433333333333334
0.020797766745090485,0.7566074132919312,0.00246141975308642,0.0010816523572430015,-0.0004599865642376244,345.5140075683594,-0.0035073368344455957,0.009369906038045883,404,13.466666666666667
0.016146311536431313,0.598759651184082,0.0021141975308641976,-0.0001441787462681532,-0.0002212316612713039,183.89865112304688,0.004184085875749588,0.006863842252641916,405,13.5
0.013084398582577705,0.771284818649292,0.00016975308641975308,7.21435499144718e-05,-6.263448085519485e-06,316.1731262207031,0.00893816351890564,0.11155979335308075,406,13.533333333333333
0.016471855342388153,0.6934751868247986,0.0018287037037037037,-1.6727406091376906e-06,-4.134288246859796e-06,354.093994140625,-0.013775805942714214,0.019375303760170937,407,13.566666666666666
0.016715625301003456,0.6512709856033325,0.001412037037037037,-2.460081759636523e-06,-2.5420736164960545e-06,345.5465087890625,0.01856926456093788,0.02124098315834999,408,13.6
0.05086502432823181,0.7702483534812927,0.0007484567901234568,-0.004004554357379675,-0.003051049541682005,196.0170135498047,-0.015865392982959747,0.025938520208001137,409,13.633333333333333
0.018397115170955658,0.7228825688362122,0.0016898148148148148,-5.602461897069588e-05,-9.018428681883961e-05,205.09130859375,0.013837464153766632,0.004286129493266344,410,13.666666666666666
0.026177605614066124,0.7462879419326782,0.002800925925925926,0.00010308424680260941,0.0007986819837242365,192.59996032714844,0.021779851987957954,0.0030978862196207047,411,13.7
0.021466994658112526,0.7201135754585266,0.0021141975308641976,-7.401495531667024e-05,0.00043415906839072704,181.51968383789062,0.003176718717440963,0.004918880760669708,412,13.733333333333333
0.01733342930674553,0.7584954500198364,0.003989197530864197,0.000224173505557701,5.544529813050758e-07,177.57913208007812,0.00464636692777276,0.005728298332542181,413,13.766666666666667
0.016582835465669632,0.6658050417900085,0.00033179012345679014,5.2601164497900754e-05,1.5885680682004022e-07,339.6560363769531,0.04366898909211159,0.04687678441405296,414,13.8
0.02137453854084015,0.6938864588737488,0.0019058641975308642,0.002766866935417056,-0.00027942488668486476,353.96588134765625,0.009056633338332176,0.004752304870635271,415,13.833333333333334
0.01956571266055107,0.8476047515869141,0.003927469135802469,0.002175082452595234,-6.201292853802443e-05,358.8358459472656,-0.0020285050850361586,0.009096726775169373,416,13.866666666666667
0.020738691091537476,0.6619104743003845,0.00433641975308642,0.002400822937488556,-0.0006094785640016198,357.6743469238281,0.00021030592324677855,0.004974191077053547,417,13.9
0.022607652470469475,0.921244204044342,0.005439814814814815,0.002150497864931822,-0.0002082707651425153,354.1192932128906,0.0032348078675568104,0.0033535112161189318,418,13.933333333333334
0.022443851456046104,0.7222394943237305,0.0016589506172839507,0.0007779952720738947,-0.0005218038568273187,348.2901611328125,0.002891748445108533,0.008553927764296532,419,13.966666666666667
0.05623692274093628,0.6058772206306458,0.002368827160493827,0.002079289173707366,-0.0012871453072875738,352.53619384765625,-0.0041489265859127045,0.020856648683547974,420,14.0
0.015041632577776909,0.6979089379310608,0.0024922839506172838,3.3444507607782725e-06,-5.255727955955081e-06,355.84246826171875,-0.010133807547390461,0.008264212869107723,421,14.033333333333333
0.01705256663262844,0.7142762541770935,0.006574074074074074,1.8559196632850217e-06,-2.905544897657819e-05,180.08982849121094,0.00589373242110014,0.00209432584233582,422,14.066666666666666
0.021923651918768883,0.6972957253456116,0.0002314814814814815,0.00038303202018141747,-0.0019522449001669884,277.60211181640625,0.011292969807982445,0.08733328431844711,423,14.1
0.018422940745949745,0.629732072353363,0.0010108024691358026,-2.2514843294629827e-05,-0.0002379401121288538,346.9320068359375,-5.5321299441857263e-05,-0.008414175361394882,424,14.133333333333333
0.01453093159943819,0.6219378709793091,0.0004938271604938272,2.3206341211334802e-05,-3.8225960452109575e-05,339.1201477050781,-0.009639812633395195,0.028752371668815613,425,14.166666666666666
0.014037461951375008,0.6086196303367615,0.0035262345679012348,-3.943721821997315e-06,1.6206165582843823e-06,354.5066833496094,0.003280303906649351,0.006147861015051603,426,14.2
0.025768214836716652,0.8414682745933533,0.0028626543209876545,-0.0017342048231512308,-0.0008064587600529194,358.14007568359375,0.009150265716016293,0.0067592887207865715,427,14.233333333333333
0.020756009966135025,0.6838527321815491,0.004475308641975309,-0.0007516525220125914,-0.0001416349841747433,176.6819610595703,0.002074062591418624,0.0038446492981165648,428,14.266666666666667
0.01656341180205345,0.6649298667907715,0.0003780864197530864,-0.00011794533929787576,-0.0004013254074379802,235.63815307617188,-0.002027191687375307,0.061798084527254105,429,14.3
0.015899617224931717,0.7361557483673096,0.00031635802469135804,-0.00029139802791178226,-0.0001872238062787801,346.6205139160156,-0.007372577674686909,0.09877288341522217,430,14.333333333333334
0.018710723146796227,0.7869643568992615,0.0012191358024691357,-4.903860099148005e-05,-0.0007366902427747846,182.48593139648438,-0.014922954142093658,0.017922839149832726,431,14.366666666666667
0.01614506170153618,0.7061675190925598,0.0005324074074074074,0.00017385708633810282,1.3069667147647124e-05,347.8800048828125,-0.005407057236880064,0.043347205966711044,432,14.4
0.0473293773829937,0.5664318203926086,0.001072530864197531,-0.002838790649548173,0.002246122807264328,359.7874450683594,-0.003088237950578332,0.0006267741555348039,433,14.433333333333334
0.021985523402690887,0.6116201281547546,0.004035493827160494,-0.00013768341159448028,-2.939708429039456e-05,171.945556640625,-0.011303913779556751,0.010130273178219795,434,14.466666666666667
0.020853914320468903,0.7531701922416687,0.00017746913580246913,0.00043959193862974644,-0.001400489592924714,294.8690185546875,-0.01415232103317976,0.08905612677335739,435,14.5
0.029397550970315933,1.2637996673583984,0.006705246913580247,0.00016394707199651748,-0.001867886632680893,356.0063781738281,-0.006614656653255224,0.0020642648451030254,436,14.533333333333333
0.0239263866096735,1.3859080076217651,0.00525462962962963,0.0002761783543974161,0.00010659328836482018,176.10084533691406,0.0023922158870846033,0.0007895751041360199,437,14.566666666666666
0.02186550945043564,0.8360440135002136,0.004421296296296296,-3.0960567528381944e-05,0.0008948235190473497,355.0714111328125,0.0029447469860315323,0.00443104887381196,438,14.6
0.01840817742049694,0.6642297506332397,0.0008796296296296296,0.0007280100835487247,-0.0005385542754083872,194.5419464111328,-0.001363972551189363,0.019874412566423416,439,14.633333333333333
0.053637709468603134,0.6893873810768127,0.0013425925925925925,0.0028375210240483284,0.0020189685747027397,186.0618438720703,-0.0024685373064130545,0.030829645693302155,440,14.666666666666666
0.019712144508957863,0.988250195980072,0.005941358024691358,0.00013161482638679445,0.0005671462859027088,175.2932586669922,-0.0028990113642066717,0.004374303389340639,441,14.7
0.017172206193208694,0.8558896780014038,0.006165123456790124,1.4851959662109948e-08,3.241264494135976e-05,354.45428466796875,-7.471438584616408e-05,0.0006251412560231984,442,14.733333333333333
0.026102999225258827,0.912977397441864,0.005462962962962963,0.000959702767431736,0.0006846261094324291,176.5660858154297,-0.0005552212824113667,0.00041135420906357467,443,14.766666666666667
0.017468325793743134,0.5956364274024963,0.0018441358024691358,0.0004283318412490189,0.0006589734693989158,161.95501708984375,0.004192620515823364,0.005616926122456789,444,14.8
0.013662089593708515,0.6894252300262451,0.0007330246913580247,0.00034678608062677085,1.5967557374096941e-06,3.396951198577881,0.02296372503042221,0.011992906220257282,445,14.833333333333334
0.012651179917156696,0.6592881083488464,0.0026697530864197533,0.00022374119726009667,-5.2203526138328016e-05,1.7585370540618896,0.003600538708269596,0.0026828476693481207,446,14.866666666666667
0.02509850077331066,0.719494104385376,0.004344135802469136,0.0022338826674968004,-0.0005146553157828748,354.6014404296875,-0.000993891037069261,0.002095763571560383,447,14.9
0.02056281641125679,0.6202092170715332,0.003094135802469136,0.001032872125506401,-4.900783096672967e-05,179.16305541992188,-0.00046616120380349457,-0.0028662467375397682,448,14.933333333333334
0.012607048265635967,0.7504197955131531,0.002067901234567901,-9.479680329604889e-08,-6.784584002161864e-06,176.74649047851562,-0.03531031683087349,0.0010819305898621678,449,14.966666666666667
0.014192653819918633,0.6569355726242065,0.003487654320987654,1.873040105238033e-07,-7.727089723630343e-07,177.35110473632812,0.0014031028840690851,-0.0013960000360384583,450,15.0
0.018976319581270218,0.660697340965271,0.001712962962962963,-0.0001174981880467385,-0.000845964765176177,179.17041015625,-0.005914798006415367,0.00010651994671206921,451,15.033333333333333
0.017172321677207947,0.6116930246353149,0.0010879629629629629,0.00015829046606086195,4.073878517374396e-05,5.3992919921875,-0.0015998288290575147,0.03170141950249672,452,15.066666666666666
0.017415056005120277,0.6833043098449707,0.003109567901234568,-0.00018960557645186782,1.126657662098296e-05,358.8694763183594,0.016295578330755234,0.0012953730765730143,453,15.1
0.017451804131269455,0.8561709523200989,0.003757716049382716,-0.00012598239118233323,-0.00018237237236462533,359.3518981933594,0.003442971268668771,0.0018880891148000956,454,15.133333333333333
0.020677557215094566,0.6534408926963806,0.0022530864197530865,-0.001169503782875836,-0.0028415475971996784,0.7961376309394836,0.013421515934169292,0.005548187997192144,455,15.166666666666666
0.018195675686001778,0.7532781362533569,0.0030246913580246914,-0.0008597563719376922,-0.001238170312717557,357.3238525390625,-0.003454736899584532,0.011745183728635311,456,15.2
0.017548231407999992,0.8121318817138672,0.0026311728395061727,-0.00032456015469506383,-0.0014305937802419066,181.81297302246094,0.0029850753489881754,0.0014187066117301583,457,15.233333333333333
0.019520066678524017,0.6856135725975037,0.005925925925925926,3.388575714780018e-05,-0.002059272723272443,354.93572998046875,-0.0031524542719125748,0.0028051973786205053,458,15.266666666666667
0.02333337627351284,0.9075316786766052,0.0066280864197530865,-8.21055582491681e-05,-0.002503089141100645,176.47984313964844,0.0006401516729965806,0.006350457202643156,459,15.3
0.017268702387809753,0.8055148124694824,0.002345679012345679,0.00017725370707921684,-0.0010235616937279701,179.7302703857422,-0.007780625019222498,-0.0006610563141293824,460,15.333333333333334
0.02018645778298378,0.6212998032569885,0.005054012345679012,4.0753118810243905e-05,-0.0030769859440624714,354.93292236328125,-0.004270627629011869,0.003923447337001562,461,15.366666666666667
0.018619270995259285,0.6809592247009277,0.0030015432098765434,0.0002940291597042233,0.0017163687152788043,2.8466827869415283,0.0007416891749016941,0.010004141367971897,462,15.4
0.017989475280046463,0.6708356738090515,0.0027546296296296294,-0.0007275722455233335,-0.0006785785080865026,359.7101745605469,-0.0038537976797670126,0.001262289471924305,463,15.433333333333334
0.013951212167739868,0.6803622245788574,0.0014737654320987653,0.0006633997545577586,-6.184858648339286e-05,2.692755699157715,0.001783635001629591,-0.007497108541429043,464,15.466666666666667
0.01710553839802742,0.7037131786346436,0.0033950617283950617,-0.000721203803550452,-0.00112455477938056,355.3791809082031,-0.00121991615742445,6.408907938748598e-05,465,15.5
0.015815503895282745,0.5613316893577576,0.003094135802469136,0.0008070443873293698,6.409081834135577e-05,355.2127990722656,-0.001833937712945044,0.0013091540895402431,466,15.533333333333333
0.01665220595896244,0.6750079989433289,0.0002700617283950617,-0.0008243736810982227,-0.0008154832758009434,277.0627136230469,-0.037107061594724655,0.06856332719326019,467,15.566666666666666
0.01550122257322073,0.5819672346115112,0.0004089506172839506,-0.0007259255507960916,0.00025093829026445746,181.47720336914062,0.05568532645702362,0.007182196713984013,468,15.6
0.013665740378201008,0.596605122089386,0.0002314814814814815,-0.0005739214830100536,-0.00029737770091742277,182.1715087890625,0.06611830741167068,0.00554658193141222,469,15.633333333333333
0.014282532036304474,0.5825063586235046,0.000462962962962963,-0.000407429994083941,0.00015237581101246178,174.85719299316406,-0.021048298105597496,-0.0070610567927360535,470,15.666666666666666
0.022338293492794037,0.7162114977836609,0.0037114197530864197,-0.0009147909004241228,-0.00141823454760015,174.59194946289062,0.0023060746025294065,0.004377356264740229,471,15.7
0.013913934119045734,0.7685950398445129,0.00018518518518518518,-0.00019694623188115656,-7.485644891858101e-05,299.52386474609375,-0.07068049162626266,0.13437682390213013,472,15.733333333333333
0.02108014188706875,0.8371320962905884,0.004675925925925926,-0.0009472973179072142,-0.0006629080162383616,356.2604675292969,-0.006381325889378786,0.011082096956670284,473,15.766666666666667
0.018031587824225426,0.653013288974762,0.0007021604938271605,-0.0006284230621531606,0.000128100102301687,180.33668518066406,-0.02601299248635769,0.051536910235881805,474,15.8
0.027407128363847733,0.9844731092453003,0.004483024691358025,0.00019890560361091048,-0.0019549380522221327,175.4739227294922,-0.007997716777026653,-0.0016375015256926417,475,15.833333333333334
0.0242485161870718,0.6280511021614075,0.0021759259259259258,-9.670598956290632e-05,1.3475593732437119e-05,357.1341247558594,-0.013232125900685787,0.0016280412673950195,476,15.866666666666667
0.016656940802931786,0.5992997288703918,0.003472222222222222,-2.637633087942959e-06,-2.375970780121861e-06,178.54991149902344,0.0019965271931141615,0.0014090673066675663,477,15.9
0.01811886392533779,0.6545537114143372,0.0002777777777777778,-6.289040356932674e-06,-1.7854686120699625e-06,319.52581787109375,0.0346042662858963,0.04542727768421173,478,15.933333333333334
0.020214952528476715,0.6905305981636047,0.002361111111111111,-0.0004620338440872729,1.7033538824762218e-05,170.65484619140625,-0.00163198821246624,-0.0005836521741002798,479,15.966666666666667
0.018663156777620316,0.6442201733589172,0.004320987654320987,-0.00025124760577455163,0.00028592831222340465,174.955322265625,-0.0013487384421750903,0.0009536044672131538,480,16.0
0.015632614493370056,0.8979015350341797,0.0022530864197530865,-0.000431290187407285,0.00038260320434346795,0.7170050740242004,-0.007056123577058315,0.005395481828600168,481,16.033333333333335
0.01416497491300106,0.6008095741271973,0.0005478395061728395,-9.369474719278514e-05,0.0001352639519609511,174.86610412597656,-0.006961894687265158,0.0035189916379749775,482,16.066666666666666
0.016600865870714188,0.8528726696968079,0.00125,1.0918047337327152e-05,-5.8434914535610005e-05,177.5532989501953,0.007340688724070787,0.0001663526491029188,483,16.1
0.01745898649096489,0.9040530323982239,0.001875,2.7725194740924053e-05,-0.00039189017843455076,3.1447367668151855,-0.024941112846136093,0.013133486732840538,484,16.133333333333333
0.013617308810353279,0.6138685345649719,0.00220679012345679,0.00020004995167255402,0.00013630802277475595,357.2368469238281,-0.002436975482851267,-0.0029451388400048018,485,16.166666666666668
0.012608039192855358,0.639558732509613,0.0005015432098765432,-0.00015025123138912022,-4.03273361371248e-06,140.95619201660156,-0.041018348187208176,0.027068128809332848,486,16.2
0.016190679743885994,0.5814178586006165,0.00017746913580246913,0.0005965199088677764,0.0005664511118084192,359.5152282714844,-0.0059440298937261105,-0.006375680211931467,487,16.233333333333334
0.0172354057431221,0.6100797057151794,0.0017283950617283952,5.877333751413971e-05,0.001178352627903223,176.41847229003906,0.01474076695740223,0.0023060026578605175,488,16.266666666666666
0.01574028469622135,0.7161492705345154,0.00220679012345679,0.00015435091336257756,0.0002934516523964703,0.20571474730968475,-0.013218188658356667,-0.002561034867540002,489,16.3
0.01580917462706566,0.7541301846504211,0.0019058641975308642,-0.00012190919369459152,0.0002824625698849559,181.13330078125,0.001459617866203189,0.0004136702336836606,490,16.333333333333332
0.02259005419909954,0.6357375979423523,0.005108024691358025,0.0008770493441261351,0.0010450194822624326,355.6942443847656,-0.0025815225671976805,0.00121047324500978,491,16.366666666666667
0.018627112731337547,0.6422606706619263,0.002283950617283951,0.0006076534045860171,0.001861540600657463,179.31004333496094,0.006813560146838427,-5.7821336667984724e-05,492,16.4
0.023800307884812355,0.6566556096076965,0.002199074074074074,0.0007277108961716294,0.002744502853602171,356.4277038574219,0.005655528977513313,0.0014053278136998415,493,16.433333333333334
0.024737264961004257,0.6427918672561646,0.0031790123456790125,-8.306223026011139e-05,0.0011338278418406844,178.2418975830078,0.0009213554440066218,0.008653580211102962,494,16.466666666666665
0.031118586659431458,0.7309480905532837,0.004837962962962963,0.0007471515564247966,-0.0059011089615523815,352.7579345703125,-0.002504657255485654,-0.0008643141482025385,495,16.5
0.02411642298102379,1.014625072479248,0.006195987654320988,-0.00016607192810624838,-0.00091856176732108,176.755126953125,0.00015885769971646369,0.0010700842831283808,496,16.533333333333335
0.018083464354276657,0.5902237296104431,0.0006095679012345679,0.00031537754693999887,-1.3460560239764163e-06,182.13954162597656,0.004588308744132519,-0.0015621997881680727,497,16.566666666666666
0.017692124471068382,0.5693190693855286,0.0006018518518518519,-1.3808708899887279e-05,-5.839257937623188e-06,179.19482421875,0.00040677262586541474,0.003626761958003044,498,16.6
0.0361916646361351,0.5914416909217834,0.0004861111111111111,0.003316751215606928,-0.00044652994256466627,325.1664123535156,-0.0016864270437508821,-0.0008149596396833658,499,16.633333333333333
0.022538868710398674,0.8203527927398682,0.00216820987654321,0.00024192382988985628,-0.0007869231048971415,168.64434814453125,-0.001978649292141199,0.012317297048866749,500,16.666666666666668
0.021314436569809914,0.9098489284515381,0.0020601851851851853,2.639506055857055e-05,-0.0003626240068115294,1.7151440382003784,0.0006841894355602562,0.0031615947373211384,501,16.7
0.01616605743765831,0.6777179837226868,0.0010185185185185184,1.1737656677723862e-05,-5.583606252912432e-05,180.0263671875,0.0017669001827016473,0.00019174182671122253,502,16.733333333333334
0.021290434524416924,0.7728582620620728,0.0036188271604938272,1.621815681573935e-05,-0.00031280616531148553,174.95130920410156,-0.0020445820409804583,0.0017615249380469322,503,16.766666666666666
0.034650299698114395,0.7697461843490601,0.002646604938271605,-0.0026156697422266006,-0.0014685390051454306,356.6129150390625,-0.007933484390377998,0.0003536060394253582,504,16.8
0.021133894100785255,0.8247816562652588,0.002800925925925926,-4.789154263562523e-05,-0.00010956415644614026,175.47958374023438,-0.0265046376734972,0.0007729234639555216,505,16.833333333333332
0.01592550240457058,0.6065307259559631,0.0008410493827160494,-1.0938197192444932e-07,-3.3027358767867554e-06,180.27439880371094,0.0002916003577411175,0.002171116881072521,506,16.866666666666667
0.018531667068600655,0.8297244310379028,0.007739197530864198,-1.0773793519547326e-06,1.4183342500473373e-06,182.451416015625,0.0019313015509396791,-0.00026328922831453383,507,16.9
0.01986469328403473,0.0,0.0,-0.0003532286500558257,-0.000983996200375259,nan,0.0,0.0,508,16.933333333333334
0.016691096127033234,0.7914687395095825,0.0014737654320987653,-0.00015031696239020675,-2.0050669263582677e-05,1.367034912109375,0.004424995742738247,0.013461869210004807,509,16.966666666666665
0.02120256796479225,1.1363651752471924,0.005416666666666667,0.00015477556735277176,-0.00025631586322560906,175.36610412597656,0.002975031966343522,0.0027177436277270317,510,17.0
0.017271682620048523,0.6276765465736389,0.004652777777777777,3.359414404258132e-05,-2.3147631509345956e-05,356.3097839355469,-0.002821574453264475,-0.0002900132676586509,511,17.033333333333335
0.021771930158138275,0.6255752444267273,0.0036342592592592594,0.0004999157972633839,-0.0004689945199061185,355.41583251953125,-0.0008049460593611002,0.000608455331530422,512,17.066666666666666
0.01750674843788147,0.7041226625442505,0.0017746913580246914,-0.00019878215971402824,4.29770298069343e-05,25.342741012573242,-0.0028343810699880123,0.0058540902100503445,513,17.1
0.017326720058918,1.1741610765457153,0.00525462962962963,8.108636393444613e-05,-8.284799696411937e-05,355.5240173339844,0.0005827333661727607,0.00027651514392346144,514,17.133333333333333
0.013254387304186821,0.5469239950180054,0.0022916666666666667,-9.750284516485408e-05,0.00012529261584859341,1.3334497213363647,-0.001599967130459845,0.00546717643737793,515,17.166666666666668
0.013361511752009392,0.6691405773162842,0.0002777777777777778,0.0001351167738903314,-0.0007610995089635253,359.759521484375,-0.03128385543823242,0.005854060407727957,516,17.2
0.012491398490965366,0.8065807223320007,0.0011651234567901234,0.00010863175702979788,-0.00031539262272417545,151.8419189453125,-0.006786487065255642,0.01210788544267416,517,17.233333333333334
0.011773775331676006,0.6252564191818237,0.00030092592592592595,-4.233804702380439e-06,7.452649879269302e-05,40.86661148071289,-0.0139488959684968,0.048051223158836365,518,17.266666666666666
0.010720537044107914,0.6365028023719788,0.0007175925925925926,2.936626515293028e-06,7.391881081275642e-05,49.97049331665039,-0.0009465488255955279,0.0007870427798479795,519,17.3
0.015246674418449402,0.786430835723877,0.0013811728395061729,-3.654164538602345e-05,-0.0002317666803719476,174.42703247070312,0.011856305412948132,-0.0005446798750199378,520,17.333333333333332
0.014027649536728859,0.7892364859580994,0.0030632716049382716,-2.3471886379411444e-05,-0.00021666398970410228,5.978719711303711,0.002232343889772892,0.005612402223050594,521,17.366666666666667
0.010115928947925568,0.6034203767776489,0.0005941358024691358,-4.808248831977835e-06,-7.99627450760454e-05,6.633966445922852,-0.0010974887991324067,0.008256806060671806,522,17.4
0.010594719089567661,0.7094442844390869,0.0008410493827160494,0.00013598671648651361,-0.00017535299411974847,2.4435739517211914,0.016904590651392937,0.005454339552670717,523,17.433333333333334
0.016526715829968452,0.6286023855209351,0.0004783950617283951,-0.0011761219939216971,-0.0017948751337826252,8.117020606994629,-0.049765873700380325,0.01111365482211113,524,17.466666666666665
0.01578339748084545,0.8426408171653748,0.0014660493827160495,-0.0006585693336091936,-0.00093310751253739,175.72129821777344,-0.015558571554720402,0.0046733529306948185,525,17.5
0.014310439117252827,0.5726255178451538,0.0008950617283950618,-0.0003789832117035985,-0.0004016375751234591,199.60000610351562,0.0003861547156702727,-0.0024454770609736443,526,17.533333333333335
0.02443839982151985,0.6691638827323914,0.003996913580246913,-0.0009977025911211967,-0.0013711686478927732,181.70489501953125,-0.00024336075875908136,-0.0021477891132235527,527,17.566666666666666
0.02354762703180313,0.6224296689033508,0.0011882716049382716,0.0008945983718149364,0.0005908298189751804,178.66009521484375,0.0009031907538883388,0.0026529531460255384,528,17.6
0.024469900876283646,0.8200585246086121,0.008657407407407407,-0.00033917324617505074,-0.00015304412227123976,178.5984344482422,-0.0016501892823725939,0.0005632317042909563,529,17.633333333333333
0.0167696513235569,0.6187769770622253,0.0009567901234567902,7.333199755521491e-05,-0.00013917767500970513,39.331703186035156,-0.003326761769130826,0.011894719675183296,530,17.666666666666668
0.01578904315829277,0.5681662559509277,0.001558641975308642,0.0002537557447794825,0.00011129748600069433,164.2631378173828,-0.0022045173682272434,0.008567829616367817,531,17.7
0.024123257026076317,0.537683367729187,0.0007484567901234568,0.0003953294944949448,0.0003154764708597213,358.7088928222656,0.0030874533113092184,0.00041886026156134903,532,17.733333333333334
0.01708046719431877,0.8008458018302917,0.003140432098765432,-9.012264854391105e-06,1.0164703780901618e-05,174.4863739013672,0.001934060244821012,-0.0016784785548225045,533,17.766666666666666
0.018366113305091858,0.9692936539649963,0.007438271604938272,7.107848887244472e-07,-6.565002763636585e-07,356.4746398925781,-0.00021008435578551143,-0.002688791835680604,534,17.8
0.014884238131344318,0.6371427178382874,0.0009799382716049383,-2.1632149582728744e-06,1.1372346762072993e-06,354.7292175292969,-0.003961999900639057,0.0008170880610123277,535,17.833333333333332
0.024352768436074257,0.949091911315918,0.0047299382716049386,0.000626487541012466,-0.0016214405186474323,355.1273193359375,0.0055632637813687325,0.0045603010803461075,536,17.866666666666667
0.01624014973640442,0.5723838210105896,0.0007716049382716049,0.0003635146713349968,-0.0017687221989035606,20.45610809326172,-0.0017144945450127125,0.0064925835467875,537,17.9
0.014227847568690777,0.6011301875114441,0.0008179012345679012,0.00020905904239043593,-0.001159725827164948,166.5041961669922,0.002880625892430544,-0.004430496599525213,538,17.933333333333334
0.012424198910593987,0.55525141954422,0.0004783950617283951,2.4416265205218224e-06,-0.00011660673771984875,16.439491271972656,-0.018363291397690773,0.00375565979629755,539,17.966666666666665
0.0169308390468359,0.7240174412727356,0.0013503086419753086,0.00025315495440736413,-0.0005203791661188006,4.10484504699707,-0.0057523795403540134,0.00756231090053916,540,18.0
0.01357831060886383,0.6289325952529907,0.0004089506172839506,0.00028733862563967705,0.00012553083070088178,154.03692626953125,0.0078010568395257,0.0011259542079642415,541,18.033333333333335
0.0135421147570014,0.6391719579696655,0.0037114197530864197,-3.693519829539582e-05,-2.1432870198623277e-05,0.8811603784561157,0.002914835698902607,0.0033441490959376097,542,18.066666666666666
0.014251060783863068,0.8132460117340088,0.0030787037037037037,-5.952440551482141e-05,0.00010968191782012582,0.4313010573387146,-0.0032251866068691015,-0.0016178619116544724,543,18.1
0.01617569848895073,0.6020541191101074,0.0010030864197530865,0.00019752405933104455,0.0008648159564472735,183.4580078125,0.0030321956146508455,0.00021509207726921886,544,18.133333333333333
0.014998330734670162,0.8350133895874023,0.0037345679012345677,-3.0246654205257073e-05,0.0009280068916268647,2.464505910873413,-0.0026658507995307446,0.003986070863902569,545,18.166666666666668
0.014678603038191795,0.7094169855117798,0.0047299382716049386,-7.823760097380728e-05,0.000252919620834291,179.1531219482422,0.0010792255634441972,0.0009942646138370037,546,18.2
0.018155943602323532,0.625015377998352,0.008132716049382717,-0.00023779281764291227,5.919311661273241e-05,213.40426635742188,0.004495406523346901,-0.0005032364861108363,547,18.233333333333334
0.020203664898872375,0.6290949583053589,0.005655864197530864,-0.00012581376358866692,0.00040310327312909067,175.44432067871094,0.000315547309583053,-0.0012902410235255957,548,18.266666666666666
0.01806342601776123,0.5983664393424988,0.0006481481481481481,-0.00011129854101454839,0.00027818960370495915,358.2296142578125,0.0232491847127676,0.016922568902373314,549,18.3
0.01616397127509117,0.6195749044418335,0.0005401234567901234,-3.627022306318395e-05,-5.6494842283427715e-05,5.4642462730407715,0.002273483667522669,0.019606003537774086,550,18.333333333333332
0.017917796969413757,0.7274588942527771,0.002384259259259259,-0.00016921968199312687,-1.1097398555648397e-06,0.14721569418907166,-0.0006857201806269586,-0.0025144056417047977,551,18.366666666666667
0.01964554749429226,0.5322878360748291,8.487654320987654e-05,-0.0006792333442717791,-0.00012504408368840814,178.3828582763672,-0.0066129607148468494,-0.010701649822294712,552,18.4
0.01922861486673355,0.580353856086731,0.0005632716049382716,-0.00013160856906324625,-5.445340502774343e-05,147.02854919433594,-0.0115059120580554,0.018436050042510033,553,18.433333333333334
0.014564603567123413,0.7778052091598511,0.0021759259259259258,5.506827437784523e-05,5.8406796597409993e-05,173.9539337158203,0.011092077940702438,-5.2391213102964684e-05,554,18.466666666666665
0.013362852856516838,0.676271378993988,0.0009799382716049383,-4.956622433383018e-06,0.00013095875328872353,173.36851501464844,0.03749474510550499,-0.002554815262556076,555,18.5
0.020112641155719757,0.895860493183136,0.005354938271604938,0.00023249155492521822,-0.00011183471360709518,356.07012939453125,0.00337813189253211,0.0017581178108230233,556,18.533333333333335
0.019471753388643265,1.0901312828063965,0.004737654320987654,7.938222552184016e-05,2.4093419597193133e-06,175.49234008789062,-0.00673757866024971,-0.0034754672087728977,557,18.566666666666666
0.014572222717106342,0.731907844543457,0.004220679012345679,9.541088729747571e-06,3.3446580346208066e-05,166.85626220703125,-0.0011364658130332828,0.007131689693778753,558,18.6
0.0180550254881382,0.6583424210548401,0.004266975308641975,0.000177733541931957,0.00022213136253412813,17.127914428710938,-0.002139889635145664,0.00030562590109184384,559,18.633333333333333
0.026816224679350853,0.6000117063522339,0.0024305555555555556,0.0002570897922851145,-0.0010580432135611773,3.688748359680176,-0.0016858456656336784,0.006139657460153103,560,18.666666666666668
0.018847350031137466,0.870707094669342,0.005756172839506172,2.3427789983543335e-06,1.7114816728280857e-06,0.22680263221263885,-0.0009031493682414293,0.00036161899333819747,561,18.7
0.014471195638179779,0.8383693695068359,0.005532407407407408,7.721154702267086e-07,7.640743433512398e-07,356.33807373046875,0.009813958778977394,0.0014092992059886456,562,18.733333333333334
0.01198265329003334,0.7095383405685425,0.0025925925925925925,-3.143891945001087e-06,8.407891414208279e-07,357.42742919921875,0.0046477289870381355,0.0027891453355550766,563,18.766666666666666
0.0190239530056715,0.633200466632843,0.0005246913580246914,3.840743738692254e-05,-0.002232504077255726,353.22869873046875,-0.011022290214896202,0.0002077483804896474,564,18.8
0.01600601151585579,0.5869689583778381,0.0007021604938271605,0.00010900192137341946,-0.0008110913913697004,170.97683715820312,0.00875795353204012,0.0030169456731528044,565,18.833333333333332
0.013767220079898834,0.5584410429000854,0.00032407407407407406,0.00012946533388458192,-0.0011160270078107715,164.3128204345703,2.6937330403598025e-05,0.025076551362872124,566,18.866666666666667
0.020890729501843452,0.5724716186523438,0.0010185185185185184,0.001161507098004222,-0.0010047605028375983,136.95611572265625,0.006504308898001909,0.02720179781317711,567,18.9
0.019540755078196526,0.6347904205322266,0.002006172839506173,-7.495132740586996e-05,-0.00048753799637779593,172.73806762695312,-0.006060071289539337,0.011093520559370518,568,18.933333333333334
0.01440265029668808,0.5617884993553162,0.0005632716049382716,-0.0004012424615211785,0.0007359113078564405,176.70445251464844,0.0011801213258877397,0.0024344909470528364,569,18.966666666666665
0.018030941486358643,0.6996259689331055,0.0053626543209876545,0.00036315887700766325,-0.00015935185365378857,176.9069366455078,0.003260658821091056,-0.0012193707516416907,570,19.0
0.015432449989020824,0.667712390422821,0.0010262345679012345,-7.425211515510455e-05,0.0004211682826280594,159.14260864257812,0.0006781592383049428,0.018117504194378853,571,19.033333333333335
0.019190311431884766,0.6560203433036804,0.00030864197530864197,-3.126261435681954e-05,-0.00025582456146366894,353.6047058105469,0.010357268154621124,0.01750088483095169,572,19.066666666666666
0.015577332116663456,0.5589423775672913,0.001396604938271605,-0.00013358858996070921,-1.116046951210592e-05,5.765907287597656,-0.0035038143396377563,0.0166026521474123,573,19.1
0.016610076650977135,0.7480042576789856,0.004969135802469136,-0.00015845344751141965,-0.0001120322267524898,356.04852294921875,0.00140856031794101,0.0005710162222385406,574,19.133333333333333
0.016458285972476006,0.8117861151695251,0.0016049382716049382,-0.0003290658933110535,-6.420574936782941e-05,179.44085693359375,-0.015659840777516365,0.00048446698929183185,575,19.166666666666668
0.02029396966099739,0.8339579105377197,0.004945987654320988,-0.0001488693815190345,-0.0003784348373301327,179.54843139648438,0.00023225521726999432,-0.000731817854102701,576,19.2
0.016734467819333076,0.5860463976860046,0.0005246913580246914,0.0001970914308913052,-3.2384305086452514e-05,176.9478302001953,-0.001856356393545866,0.004895924124866724,577,19.233333333333334
0.018474306911230087,0.8130794763565063,0.0031635802469135803,-0.0003764881403185427,-0.0002831155725289136,177.97560119628906,0.002991005079820752,0.001113543868996203,578,19.266666666666666
0.020804857835173607,0.9402582049369812,0.0043287037037037035,-0.00013720491551794112,-0.00012024749594274908,174.5782470703125,-0.003496081568300724,-0.003171225544065237,579,19.3
0.020594580098986626,0.8278336524963379,0.0024382716049382715,-0.0001247329346369952,-0.00023196461552288383,359.4095153808594,-0.003655653912574053,0.0004901810316368937,580,19.333333333333332
0.018452581018209457,0.7030614018440247,0.001095679012345679,-0.0005286677042022347,0.0001742687018122524,180.6778564453125,0.00038107915315777063,-0.00737275555729866,581,19.366666666666667
0.01551444549113512,0.7122632265090942,0.00466820987654321,-7.295979594346136e-05,0.00013027423119638115,356.62353515625,0.0011709603713825345,0.0010383535409346223,582,19.4
0.01487994845956564,0.7049500346183777,0.004320987654320987,-9.06929126358591e-05,0.00017526309238746762,355.2659912109375,0.004059485159814358,-0.0002801460796035826,583,19.433333333333334
0.019081896170973778,0.754327654838562,0.003958333333333334,-0.0006890405202284455,0.0007983802352100611,173.9617919921875,0.008375097066164017,0.003749640192836523,584,19.466666666666665
0.014346171170473099,0.6410974860191345,0.0012808641975308641,1.2962784239789471e-05,0.0009027745691128075,359.2200927734375,0.006990212947130203,0.0017460189992561936,585,19.5
0.011856003664433956,0.6342657208442688,0.0008410493827160494,-1.7944090359378606e-05,0.00034389831125736237,26.59292984008789,-0.007031965535134077,0.016489114612340927,586,19.533333333333335
0.012568586505949497,0.6064660549163818,0.0019984567901234567,1.143564259109553e-05,0.00012442900333553553,11.652459144592285,-0.002183313714340329,0.008807819336652756,587,19.566666666666666
0.02648838795721531,0.8468705415725708,0.0025617283950617282,-0.0003820258716586977,0.003178148064762354,1.8738518953323364,-0.0011419624788686633,0.0033248707186430693,588,19.6
0.01755506731569767,0.9949451684951782,0.004830246913580247,1.0761710882434272e-06,0.0003499666345305741,174.8241424560547,-0.007780273910611868,0.0036460873670876026,589,19.633333333333333
0.015280487947165966,0.9434016942977905,0.005177469135802469,7.746214691906061e-07,1.5332005204982124e-05,353.6364440917969,-0.001369465491734445,-0.002684942912310362,590,19.666666666666668
0.013173258863389492,0.7903136014938354,0.00507716049382716,4.6622408262919635e-06,-1.7302684227615828e-06,8.839715957641602,0.0006306495051831007,0.004115452524274588,591,19.7
0.018716886639595032,0.6340753436088562,0.0002932098765432099,0.00020019400108139962,0.0024862829595804214,162.53379821777344,0.025908762589097023,0.01958208717405796,592,19.733333333333334
0.013969969935715199,0.6106124520301819,0.0016589506172839507,0.00014650082448497415,0.0007886234670877457,4.413115501403809,-0.005134132225066423,0.004901423584669828,593,19.766666666666666
0.011365368030965328,0.7033026218414307,0.0026080246913580247,5.8109457313548774e-05,0.00011858391371788457,0.9828258752822876,-0.0039907824248075485,0.002281032269820571,594,19.8
0.010420631617307663,0.6896468997001648,0.0010262345679012345,9.89434847724624e-05,0.00011081909178756177,167.3679656982422,0.007957693189382553,0.0065826731733977795,595,19.833333333333332
0.019018126651644707,0.7292402982711792,0.0013040123456790123,0.0010189888998866081,0.0017273863777518272,358.5906677246094,0.017481831833720207,0.001873145462013781,596,19.866666666666667
0.02025914005935192,0.625036358833313,0.0022993827160493825,0.0006314397905953228,0.0013353745453059673,355.64923095703125,0.006425241474062204,-0.001848419662564993,597,19.9
0.015674129128456116,0.674665093421936,0.0002314814814814815,0.00010937530896626413,1.7853410099633038e-05,24.21247100830078,-0.015925562009215355,0.06459667533636093,598,19.933333333333334
0.022139426320791245,0.6826519966125488,0.004421296296296296,0.0005285438382998109,0.00033752043964341283,176.4048614501953,-0.0010890592820942402,0.0007080516079440713,599,19.966666666666665
0.02111370675265789,0.8152879476547241,0.0009490740740740741,-0.0004507782286964357,0.0009539501625113189,175.92019653320312,-0.006553780287504196,-0.001965124160051346,600,20.0
0.02185535803437233,0.620338499546051,0.0014429012345679012,0.0005024125566706061,0.0015663569793105125,179.28158569335938,0.00180353585164994,-0.00048827167483977973,601,20.033333333333335
0.01845569536089897,0.7320376634597778,0.005933641975308642,-4.8414760385639966e-05,0.00016691838391125202,177.11354064941406,0.0021226361859589815,0.0002179911534767598,602,20.066666666666666
0.017226073890924454,0.778145968914032,0.0034953703703703705,0.00016430739196948707,0.0005117405671626329,357.6141357421875,0.005424943286925554,-0.0017624272732064128,603,20.1
0.02825126051902771,1.0929028987884521,0.00525462962962963,-0.00150672672316432,-0.004089702852070332,175.35597229003906,0.005023184698075056,-0.0002255684812553227,604,20.133333333333333
0.01950269192457199,0.9257720708847046,0.004606481481481481,8.190044172806665e-05,-0.00015671341679990292,356.5712585449219,-0.0054058777168393135,0.007527666166424751,605,20.166666666666668
0.013729128055274487,0.5947787165641785,0.0004243827160493827,-8.004099072422832e-05,-0.0002775189350359142,27.936037063598633,-0.006622533313930035,0.014542559161782265,606,20.2
0.01916823536157608,0.7405421137809753,0.003603395061728395,0.0004014285805169493,0.0004615671350620687,172.80380249023438,-0.00473828986287117,0.0014689546078443527,607,20.233333333333334
0.023106824606657028,0.5920272469520569,0.0002546296296296296,0.0008612151723355055,-0.003333110362291336,119.97473907470703,-0.013008605688810349,0.03296443447470665,608,20.266666666666666
0.025743160396814346,0.6268517374992371,0.00015432098765432098,0.001854702248238027,-0.006711580790579319,115.65628051757812,-0.03634075075387955,0.030414694920182228,609,20.3
0.0205011535435915,0.7348355054855347,0.0022145061728395064,0.00048690554103814065,-0.002229895908385515,175.45932006835938,-0.0007831095135770738,0.0021629235707223415,610,20.333333333333332
0.01580137386918068,0.6444993019104004,0.0005478395061728395,0.0002711343695409596,-0.00030273525044322014,11.117950439453125,-0.0029947124421596527,0.013856095261871815,611,20.366666666666667
0.02320031076669693,0.5951002240180969,0.0025925925925925925,-1.9261391571490094e-05,-0.0008361274376511574,174.31576538085938,0.0013011337723582983,0.0037343772128224373,612,20.4
0.01790233515202999,0.5737452507019043,0.0008641975308641976,2.2657888621324673e-05,-8.701950719114393e-06,24.20865249633789,-0.0032221495639532804,0.007429077289998531,613,20.433333333333334
0.015032192692160606,0.7087333798408508,0.002322530864197531,2.5005869019878446e-07,-7.221911801025271e-06,0.024557415395975113,-0.008485652506351471,0.0038348305970430374,614,20.466666666666665
0.013901802711188793,0.6192185878753662,0.0007561728395061729,1.2405146662786137e-05,1.0228723112959415e-05,70.8711166381836,-0.020868442952632904,0.007335654925554991,615,20.5
0.021468276157975197,0.5123935341835022,8.487654320987654e-05,-0.00037353092920966446,-0.0009251684532500803,0.049143236130476,-0.013303450308740139,0.002541776979342103,616,20.533333333333335
0.012729516252875328,0.7708173990249634,0.0015200617283950618,-0.00013136674533598125,1.3171093087294139e-05,175.59083557128906,0.010473469272255898,0.0003540547040756792,617,20.566666666666666
0.016713617369532585,0.7186402678489685,0.005833333333333334,4.414734178226354e-08,-4.2374404074507765e-06,357.2133483886719,0.0038226908072829247,0.000772481260355562,618,20.6
0.015461822040379047,0.7952840924263,0.0013657407407407407,-5.241838516667485e-05,-1.6190690530493157e-06,133.72781372070312,0.022659646347165108,0.004260639660060406,619,20.633333333333333
0.020142462104558945,0.9596596360206604,0.001388888888888889,-0.0005404188996180892,0.00011992782674496993,0.6720250248908997,-0.006618090905249119,-0.0014935056678950787,620,20.666666666666668
0.02135615609586239,0.6961631774902344,0.0011959876543209877,-0.0002050226175924763,-7.099747017491609e-05,173.6263885498047,0.002455925801768899,0.00476557994261384,621,20.7
0.01992581970989704,0.5318543314933777,7.71604938271605e-06,-8.384366083191708e-05,0.00027694652089849114,170.52621459960938,0.109204962849617,0.06774599850177765,622,20.733333333333334
0.03913648799061775,0.6196572184562683,0.0006018518518518519,0.00043840365833602846,-0.0017679848242551088,355.3339538574219,-0.019025221467018127,0.001330976258032024,623,20.766666666666666
0.036697592586278915,0.9362016320228577,0.0065817901234567905,0.0037464492488652468,-0.005393229424953461,174.5665740966797,0.0005302588688209653,0.004866501782089472,624,20.8
0.028147585690021515,0.8756771683692932,0.005285493827160494,0.0001960207155207172,-0.001132687320932746,356.02899169921875,0.0020318992901593447,-0.0015561110340058804,625,20.833333333333332
0.01626485399901867,0.6651075482368469,0.0002160493827160494,6.880097498651594e-05,-2.3875363694969565e-05,139.87710571289062,0.008063061162829399,-0.008389404974877834,626,20.866666666666667
0.01657792180776596,0.6395019292831421,0.0005092592592592592,3.208605994586833e-05,-0.00034348713234066963,12.864758491516113,-0.0019175367197021842,0.038901228457689285,627,20.9
0.0465664379298687,0.6540719866752625,0.0006790123456790123,-0.0010816524736583233,7.059167546685785e-05,18.661144256591797,-0.002560810651630163,0.025739187374711037,628,20.933333333333334
0.01873183250427246,0.569446325302124,0.0008179012345679012,9.087177750188857e-05,-0.000706090999301523,2.630967378616333,-0.0014445935375988483,0.007883371785283089,629,20.966666666666665
0.014104528352618217,0.6561105847358704,0.0002160493827160494,-2.4826893422869034e-05,-7.578102668048814e-05,146.15475463867188,-0.0007077775662764907,-0.0020683035254478455,630,21.0
0.014368625357747078,0.6439563035964966,0.0002160493827160494,0.00017191944061778486,-0.0004530254518613219,21.611204147338867,-0.01781424507498741,0.054397404193878174,631,21.033333333333335
0.017023254185914993,0.7555291652679443,0.0008024691358024691,0.0013491844292730093,0.0012719243532046676,12.255024909973145,-0.0002790219441521913,0.019573036581277847,632,21.066666666666666
0.02204410545527935,0.6760262250900269,0.0002700617283950617,0.0020146924071013927,0.004116227850317955,118.11334991455078,-0.009696586057543755,0.024611931294202805,633,21.1
0.03664936125278473,0.5883169174194336,0.0006635802469135803,0.0024214135482907295,0.000443139870185405,29.211164474487305,0.004624237306416035,0.010988935828208923,634,21.133333333333333
0.018092934042215347,0.7771472930908203,0.007029320987654321,-7.165367605921347e-06,-7.692401413805783e-05,358.70355224609375,-0.0009435168467462063,-5.5603086366318166e-05,635,21.166666666666668
0.03688238188624382,0.5808824896812439,0.0007175925925925926,0.004906310699880123,0.0020001677330583334,82.45750427246094,-0.006803132593631744,0.025799132883548737,636,21.2
0.03286375850439072,0.5427848100662231,0.00023919753086419754,0.000831653131172061,0.00032028142595663667,359.587646484375,0.007710677105933428,0.006224405020475388,637,21.233333333333334
0.03346073254942894,0.6408020853996277,0.0010185185185185184,0.000715276226401329,1.0457142707309686e-05,27.463573455810547,-0.017349597066640854,0.03297828137874603,638,21.266666666666666
0.011289643123745918,0.6373586654663086,0.0008410493827160494,-1.9337940102559514e-06,5.058807801106013e-06,5.764834880828857,0.008703104220330715,0.03882186487317085,639,21.3
0.022631075233221054,0.7836346626281738,0.0068364197530864194,-0.0007889834232628345,0.0011591616785153747,350.1294250488281,0.0001454432785976678,0.001217978773638606,640,21.333333333333332
0.023740267381072044,0.6112006902694702,0.004166666666666667,-0.0013706886675208807,0.0027098830323666334,176.36448669433594,0.0008750261040404439,-0.0003785128938034177,641,21.366666666666667
0.016450583934783936,0.6586641669273376,0.00020833333333333335,-0.0005978081608191133,0.0009032399393618107,134.9567413330078,-0.005853727925568819,-0.014898705296218395,642,21.4
0.027583396062254906,0.644096314907074,0.0009336419753086419,-0.00015631478163413703,0.0018676896579563618,206.76528930664062,0.006363449618220329,-0.0032001743093132973,643,21.433333333333334
0.030565932393074036,1.0421230792999268,0.005686728395061728,0.0007580640958622098,0.0006405399180948734,355.86492919921875,0.004529518075287342,0.0002674842835403979,644,21.466666666666665
0.02607186883687973,1.1680222749710083,0.006535493827160494,1.397611322317971e-05,-5.58459541935008e-05,174.8202667236328,0.008260074071586132,0.00044144198182038963,645,21.5
0.019435614347457886,0.7377577424049377,0.0021296296296296298,-3.0595316502513015e-07,3.102919436059892e-06,353.5323181152344,0.0060345944948494434,-0.0010878471657633781,646,21.533333333333335
0.029030833393335342,0.6271645426750183,0.0018364197530864198,-3.0086685001151636e-05,-0.0006841098656877875,171.25897216796875,-0.005570328328758478,0.014068299904465675,647,21.566666666666666
0.022506441920995712,0.6660036444664001,0.004320987654320987,-7.461230416083708e-05,-0.000551610195543617,356.79559326171875,-0.0015277096536010504,0.005414321552962065,648,21.6
0.025181319564580917,0.6248199939727783,0.0005787037037037037,-0.0003058433358091861,-0.001079214969649911,47.15974044799805,-0.020408086478710175,0.0221962109208107,649,21.633333333333333
0.023153720423579216,0.656072199344635,0.0011574074074074073,-0.00017404707614332438,-0.000738420058041811,163.87310791015625,-0.005753614008426666,0.012025033123791218,650,21.666666666666668
0.02958877757191658,0.7815942168235779,0.002322530864197531,-0.0036500818096101284,0.00048379128566011786,55.74082946777344,-0.012386390008032322,0.006337712984532118,651,21.7
0.020012013614177704,0.6233221292495728,0.0010493827160493827,-0.0008582266746088862,-0.00038075741031207144,355.89910888671875,0.017200469970703125,-0.0018387546297162771,652,21.733333333333334
0.02146160416305065,0.5324258804321289,0.0006481481481481481,-0.0002243181224912405,-0.0005410610465332866,169.47076416015625,0.0006654146709479392,0.014382809400558472,653,21.766666666666666
0.020370924845337868,0.6347402334213257,0.0015046296296296296,-0.001811179332435131,-5.044985300628468e-06,179.19747924804688,-0.006486222613602877,0.002366978907957673,654,21.8
0.023627126589417458,0.7027631998062134,0.0030092592592592593,-0.0007717657135799527,-0.0026947399601340294,178.90921020507812,0.0009917002171278,0.001570985303260386,655,21.833333333333332
0.024385636672377586,0.8377884030342102,0.007785493827160494,-0.0008885505376383662,-0.001293486449867487,175.25982666015625,-0.004072896204888821,0.0011827886337414384,656,21.866666666666667
0.016843440011143684,0.8482101559638977,0.004907407407407407,0.0006454976974055171,-0.0001811007095966488,355.9527282714844,0.006892633158713579,0.0008546856115572155,657,21.9
0.01858944073319435,1.1499418020248413,0.00603395061728395,0.00014913588529452682,-7.3415703809587285e-06,175.17608642578125,0.009178344160318375,-0.00027880462585017085,658,21.933333333333334
0.021976107731461525,1.1499394178390503,0.0054783950617283955,9.915180271491408e-05,7.474882295355201e-05,356.60601806640625,-0.00660691037774086,0.0013886438682675362,659,21.966666666666665
0.021091260015964508,0.965201735496521,0.006489197530864198,4.6562337956856936e-05,0.00044644420268014073,171.95889282226562,-0.0018605951918289065,0.004234746098518372,660,22.0
0.019643964245915413,0.6361305713653564,0.00603395061728395,-0.0002420746604911983,0.0011103390716016293,175.63107299804688,-0.0019339274149388075,0.0005169232026673853,661,22.033333333333335
0.018259353935718536,0.984533965587616,0.004521604938271605,0.00025423269835300744,0.0008238916052505374,355.2012023925781,-0.005704741925001144,0.003619438037276268,662,22.066666666666666
0.015811139717698097,0.585167646408081,0.0015895061728395062,0.0005104903830215335,3.240840305807069e-05,356.3101806640625,0.0019166467245668173,0.0016926138196140528,663,22.1
0.014373986050486565,0.6754919290542603,0.0034182098765432097,0.0010080779902637005,-9.876654803520069e-05,175.06973266601562,0.00040009457734413445,0.0011035448405891657,664,22.133333333333333
0.011458280496299267,0.532860279083252,7.71604938271605e-06,-3.264570113969967e-05,-0.000592902535572648,171.02879333496094,0.11160659044981003,0.03647632151842117,665,22.166666666666668
0.015610583126544952,0.9050522446632385,0.004274691358024691,0.00045701349154114723,-6.111109541961923e-05,354.29132080078125,0.00637497752904892,0.0011296840384602547,666,22.2
0.018117237836122513,0.6558554768562317,0.0008101851851851852,-0.0004611557815223932,-0.0009079005103558302,18.856843948364258,-0.02331157587468624,0.0025622600223869085,667,22.233333333333334
0.01779424026608467,0.7705230712890625,0.004135802469135802,-0.0005699293687939644,-0.0005130919744260609,175.57215881347656,0.004686062224209309,0.0014599170535802841,668,22.266666666666666
0.0209764763712883,1.1420392990112305,0.005617283950617284,-0.0004580890235956758,-8.226101635955274e-05,354.9576110839844,-0.0021535754203796387,-0.003917138557881117,669,22.3
0.016805628314614296,0.7925226092338562,0.005601851851851852,-0.00021472472872119397,-0.000249149976298213,175.379638671875,0.004327046684920788,-0.0009039610740728676,670,22.333333333333332
0.0221787691116333,0.6012481451034546,0.0022530864197530865,-0.0022596335038542747,-0.0016447813250124454,358.412841796875,-0.0002387194545008242,0.0012223500525578856,671,22.366666666666667
0.019333157688379288,0.6304798722267151,0.004228395061728395,-0.0010764868929982185,-0.0004679677658714354,172.58425903320312,-0.002447349950671196,-0.0019818523433059454,672,22.4
0.0128828389570117,0.8773061037063599,0.0018981481481481482,4.6349234139597684e-07,-2.427535036986228e-06,175.3315887451172,-0.009388557635247707,0.009765013121068478,673,22.433333333333334
0.011565366759896278,0.6503992676734924,0.0008024691358024691,-6.709365152346436e-06,8.803638138488168e-07,176.17178344726562,0.01790575496852398,0.004299702122807503,674,22.466666666666665
0.015320941805839539,0.6372156739234924,0.0007021604938271605,-0.0007072804728522897,2.070853406621609e-05,9.426820755004883,-0.020348338410258293,-0.0061472197994589806,675,22.5
0.01646587625145912,0.7608764171600342,0.0038348765432098765,0.00018018195987679064,1.5200037523754872e-05,355.5994567871094,0.00043269668822176754,-0.0005888938903808594,676,22.533333333333335
0.014662396162748337,0.7601669430732727,0.0009722222222222222,-0.00014444813132286072,-4.0050901588983834e-05,359.3227844238281,0.0012961493339389563,-0.0016187846194952726,677,22.566666666666666
0.02302519604563713,1.302142858505249,0.0072839506172839505,-9.53985181695316e-06,0.00012080556916771457,175.43478393554688,0.005892049055546522,-0.002427141647785902,678,22.6
0.02270795963704586,1.23666250705719,0.006026234567901235,0.0014637659769505262,-5.0226626626681536e-05,356.4537658691406,0.0027919146232306957,0.0016155218472704291,679,22.633333333333333
0.013002445921301842,0.5821970105171204,0.0004398148148148148,0.0007924544624984264,0.00030855846125632524,2.9265902042388916,0.01853364333510399,0.003279851283878088,680,22.666666666666668
0.011871088296175003,0.5498258471488953,3.8580246913580246e-05,0.00037933833664283156,-0.00019821416935883462,128.77200317382812,-0.045817501842975616,0.014599187299609184,681,22.7
0.011950172483921051,0.5376008152961731,0.00018518518518518518,0.00013863662024959922,0.00015796383377164602,176.24578857421875,0.0007212115451693535,0.0013233175268396735,682,22.733333333333334
0.018631257116794586,0.8078723549842834,0.0015817901234567902,0.00355649646371603,-0.00013993265747558326,57.900718688964844,-0.00784231349825859,0.00332495360635221,683,22.766666666666666
0.01973951794207096,0.8084165453910828,0.005277777777777778,0.0017555151134729385,-0.00013474466686602682,174.26144409179688,0.011750765144824982,0.0028724893927574158,684,22.8
0.022821180522441864,0.6359808444976807,0.006751543209876543,0.0048819417133927345,-0.0001466208341298625,178.5144805908203,0.0026250446680933237,-0.0012684843968600035,685,22.833333333333332
0.015237508341670036,0.6029753088951111,0.0015200617283950618,0.0019659900572150946,1.3249664334580302e-05,358.3020935058594,0.003271311754360795,0.010818024165928364,686,22.866666666666667
0.027265850454568863,1.150445818901062,0.00570216049382716,0.0013790351804345846,-0.0022285738959908485,173.65863037109375,0.007466791197657585,0.00030201408662833273,687,22.9
0.017980149015784264,0.6490544080734253,0.0005015432098765432,0.0010206045117229223,-0.0011347748804837465,1.630924105644226,-0.02642195113003254,0.0008814050815999508,688,22.933333333333334
0.02336493507027626,1.1858259439468384,0.005941358024691358,-3.559306060196832e-05,-0.0004939439240843058,356.1907653808594,-0.0037193193566054106,0.002117023104801774,689,22.966666666666665
0.02152559533715248,1.1431139707565308,0.005895061728395061,4.584595808410086e-05,-0.00014844424731563777,175.2209014892578,-0.00792604684829712,0.0016435403376817703,690,23.0
0.020954405888915062,0.6512587070465088,0.0023148148148148147,0.00017317848687525839,-0.0004246069001965225,347.8013000488281,-0.004365805070847273,-0.0014473710907623172,691,23.033333333333335
0.016458265483379364,0.5427536964416504,0.0013580246913580246,0.0003200381761416793,0.0002915897057391703,0.7664983868598938,0.001960706664249301,0.0019668193999677896,692,23.066666666666666
0.01943035237491131,0.666793704032898,0.00507716049382716,1.9244253053329885e-05,6.183963705552742e-05,172.308349609375,-0.006413277238607407,-0.005012670997530222,693,23.1
0.015634821727871895,0.614899754524231,0.0006404320987654321,6.217314512468874e-05,6.820077396696433e-05,342.8420104980469,0.025445595383644104,0.03287525847554207,694,23.133333333333333
0.019314028322696686,0.6710362434387207,0.003603395061728395,-6.948139343876392e-05,0.0007633816567249596,175.6743621826172,0.0014624251052737236,-0.0008903729030862451,695,23.166666666666668
0.02131602168083191,0.9389432668685913,0.005347222222222222,-0.00031579469214193523,0.0005941521376371384,356.7473449707031,-0.00804266706109047,-0.002648020628839731,696,23.2
0.019742051139473915,0.9655303955078125,0.004976851851851852,0.0006395936943590641,0.0006230600411072373,174.46185302734375,-0.004316321574151516,0.005630290601402521,697,23.233333333333334
0.020022666081786156,1.1029009819030762,0.004930555555555555,0.0004788351943716407,0.0006039399886503816,355.8274230957031,0.0032335417345166206,-0.0011043727863579988,698,23.266666666666666
0.02433299459517002,1.3335542678833008,0.005470679012345679,-0.0003702778776641935,0.0010048577096313238,175.02389526367188,0.003368709236383438,0.00036406953586265445,699,23.3
0.020614521577954292,0.6043912172317505,0.0016743827160493826,-0.0006230506114661694,0.001714411424472928,174.62294006347656,-0.0036935012321919203,-0.001618270529434085,700,23.333333333333332
0.024381348863244057,0.8102970719337463,0.004012345679012346,0.00022463159984908998,-0.0003296459326520562,358.67193603515625,-0.009963804855942726,0.0005991908255964518,701,23.366666666666667
0.04563633352518082,0.6315170526504517,0.0007253086419753087,-0.00133647327311337,0.000686235842294991,175.248779296875,-0.00807096716016531,0.0022791053634136915,702,23.4
0.028972305357456207,1.0138098001480103,0.00625,1.3479794688464608e-05,0.001211980590596795,354.162353515625,-0.0013789072399958968,-0.0014087689341977239,703,23.433333333333334
0.042552776634693146,0.6250085830688477,0.0005092592592592592,0.0011982026044279337,0.0002017227525357157,34.52989959716797,-0.030424345284700394,0.040028903633356094,704,23.466666666666665
0.019760478287935257,0.914063036441803,0.004405864197530864,0.0002226724463980645,-6.900310836499557e-05,0.3595595955848694,-0.0007419649045914412,0.00381924188695848,705,23.5
0.018303336575627327,0.8596575260162354,0.004120370370370371,0.00017434079200029373,3.1656732062401716e-06,172.81455993652344,0.0008253394044004381,0.003974871709942818,706,23.533333333333335
0.021070923656225204,0.5952033996582031,0.0013348765432098766,0.0007043849327601492,-0.002320731058716774,356.7436218261719,0.013407256454229355,6.531807594001293e-05,707,23.566666666666666
0.021275551989674568,0.652398943901062,0.0013348765432098766,0.0004992424510419369,-0.0014962352579459548,14.158440589904785,-0.01310449093580246,0.016204023733735085,708,23.6
0.019638003781437874,0.7991545796394348,0.004907407407407407,0.00022009952226653695,-0.0002036385703831911,358.9998474121094,0.001011697226203978,0.0005757673643529415,709,23.633333333333333
0.015225325711071491,0.6916581988334656,0.001072530864197531,0.0002508200122974813,-6.26835972070694e-05,41.39707565307617,-0.029409127309918404,0.009128276258707047,710,23.666666666666668
0.01834922842681408,0.5599645972251892,0.0002314814814814815,0.0013362780446186662,-0.0006321570836007595,345.3392333984375,0.04566800594329834,-0.0036089445929974318,711,23.7
0.0182000994682312,0.6061543226242065,0.002029320987654321,0.0010343350004404783,-0.0006109026726335287,357.95758056640625,-0.0075445957481861115,0.003382415045052767,712,23.733333333333334
0.022700665518641472,0.6432408094406128,0.003487654320987654,0.002746226266026497,-0.00022220035316422582,178.37498474121094,0.0043671512976288795,0.0011231761891394854,713,23.766666666666666
0.025874853134155273,0.6808066964149475,0.0021604938271604936,0.004356401041150093,-0.0016382336616516113,181.8978271484375,-0.0053589376620948315,-0.0006008727359585464,714,23.8
0.04549790173768997,0.7197439670562744,0.0013348765432098766,-0.00012449108180589974,-0.0034334054216742516,173.1634979248047,-0.013923432677984238,0.006692497059702873,715,23.833333333333332
0.02478443644940853,0.8117112517356873,0.0017746913580246914,-0.0003491922398097813,-0.00028757640393450856,178.361083984375,-0.00469581875950098,0.002723942743614316,716,23.866666666666667
0.0474073700606823,0.6466578245162964,0.002955246913580247,-0.003313480643555522,0.0006686591077595949,172.93589782714844,-0.003924002405256033,0.007999853231012821,717,23.9
0.017248336225748062,0.6118265986442566,0.0012268518518518518,0.00029760407051071525,0.00014205067418515682,176.89285278320312,-0.022068243473768234,0.0001286354527110234,718,23.933333333333334
0.02172270603477955,0.7853080630302429,0.0010493827160493827,8.728155080461875e-05,-0.0018699290230870247,5.494431495666504,0.030777176842093468,0.010349210351705551,719,23.966666666666665
0.017725519835948944,0.8078024387359619,0.0016049382716049382,-0.00016354641411453485,0.00029190629720687866,174.67404174804688,-0.007147588301450014,0.004808824975043535,720,24.0
0.019081149250268936,0.6979891061782837,0.0025308641975308644,0.0008286790689453483,-0.0013805382186546922,183.38153076171875,0.0009241272928193212,-0.0009513482800684869,721,24.033333333333335
0.01581217534840107,0.6576186418533325,0.0004783950617283951,0.0008874759078025818,-0.0008876394131220877,30.847970962524414,-0.017538195475935936,0.03741493448615074,722,24.066666666666666
0.022556118667125702,0.6035560965538025,0.00033950617283950616,-0.001231418689712882,-0.003800799138844013,359.6893005371094,-0.0017638496356084943,0.00038659825804643333,723,24.1
0.018903786316514015,0.7083433270454407,0.003742283950617284,-0.0001910313148982823,-8.624597103334963e-05,175.06982421875,0.0007583423866890371,-0.00025160485529340804,724,24.133333333333333
0.020040037110447884,0.7301498055458069,0.005462962962962963,0.00013397289148997515,-0.00013732060324400663,355.52166748046875,-0.0038795974105596542,0.0011180309811607003,725,24.166666666666668
0.018587397411465645,0.8066150546073914,0.005709876543209876,-0.00013593272888101637,5.6548229622421786e-05,3.7900383472442627,-0.0036253745201975107,0.0035649570636451244,726,24.2
0.024034379050135612,0.7414069771766663,0.00441358024691358,-0.0006422802107408643,-0.002519301138818264,356.1736755371094,0.00441377516835928,0.001879652845673263,727,24.233333333333334
0.01959647610783577,0.7898562550544739,0.0014969135802469136,-0.0010258919792249799,-0.0012764092534780502,178.97650146484375,-0.005024183075875044,0.003026074729859829,728,24.266666666666666
0.019020725041627884,0.6291420459747314,0.0009876543209876543,-0.00017085344006773084,-0.0024914699606597424,186.9239959716797,0.0117419995367527,-0.004576958250254393,729,24.3
0.01745104417204857,0.547158420085907,0.0004861111111111111,-0.00048366503324359655,-0.00010464887600392103,181.98789978027344,0.005596579518169165,-0.00018820562399923801,730,24.333333333333332
0.02142530120909214,0.7279316186904907,0.0031790123456790125,-0.000269529118668288,0.001183775020763278,177.69363403320312,0.0003440230502746999,-0.00170498329680413,731,24.366666666666667
0.015059132128953934,0.7560280561447144,0.0005246913580246914,0.0002974591334350407,-4.618883031071164e-05,9.09068489074707,-0.020841192454099655,0.018882084637880325,732,24.4
0.019266538321971893,1.037541389465332,0.005671296296296297,7.3649734986247495e-06,0.0003872825764119625,174.9097442626953,-0.008006448857486248,0.0010148431174457073,733,24.433333333333334
0.017587270587682724,0.9515886306762695,0.004799382716049383,0.00010902040230575949,7.343548350036144e-05,354.66015625,-0.008448608219623566,0.0022038815077394247,734,24.466666666666665
0.017675060778856277,0.705578088760376,0.004660493827160494,0.0004209785256534815,-0.0006831163191236556,170.53158569335938,-0.0028009023517370224,-0.00045981668517924845,735,24.5
0.013861536979675293,0.6050292253494263,0.003935185185185185,0.0002464469871483743,-0.00010628066229401156,355.660888671875,0.0007461928762495518,3.78987351723481e-05,736,24.533333333333335
0.013486796990036964,0.6626794338226318,0.007021604938271605,-4.475169407669455e-05,2.492534440534655e-05,358.4395446777344,0.0018289029831066728,0.0010289783822372556,737,24.566666666666666
0.012199999764561653,0.6684917211532593,0.0014660493827160495,2.4118485271173995e-06,-1.5250980140990578e-05,354.1012878417969,0.00862937979400158,0.00048295260057784617,738,24.6
0.016942869871854782,0.700744092464447,0.0011959876543209877,-0.0010881979251280427,-4.634985452867113e-05,131.1171112060547,-0.011760503984987736,0.012502244673669338,739,24.633333333333333
0.016347959637641907,0.9526823163032532,0.001404320987654321,-0.0006035030819475651,0.0002285653172293678,2.979109048843384,0.0025567105039954185,-0.001748926006257534,740,24.666666666666668
0.020184950903058052,0.7305766344070435,0.0018055555555555555,-0.00013082742225378752,-5.514404256246053e-05,167.56724548339844,-0.020367296412587166,0.005238737910985947,741,24.7
0.02067914791405201,0.6160200834274292,0.0022993827160493825,-8.966935274656862e-05,0.00019718249677680433,138.893310546875,-0.01624331995844841,0.007487299386411905,742,24.733333333333334
0.020652998238801956,0.6435905694961548,0.001257716049382716,0.00033766007982194424,0.00012627881369553506,148.7838592529297,-0.004279160872101784,0.01318507082760334,743,24.766666666666666
0.02460889331996441,0.78346848487854,0.0019212962962962964,0.0005620021838694811,0.0007486016838811338,76.56173706054688,-0.019145261496305466,0.004466614220291376,744,24.8
0.030154207721352577,0.74566650390625,0.0038194444444444443,0.0004001387278549373,3.8304557392621064e-07,264.2391357421875,0.015491841360926628,0.004460732452571392,745,24.833333333333332
0.038494791835546494,0.582021951675415,0.013989197530864198,0.0006663419771939516,0.00020750705152750015,349.87109375,-0.00010516008478589356,-0.001306245569139719,746,24.866666666666667
0.047363948076963425,0.6683746576309204,0.050069444444444444,2.1368337854710262e-07,1.1068340199926752e-06,37.9747314453125,0.003135718870908022,0.0010229558683931828,747,24.9
0.0657864660024643,0.9060672521591187,0.060239197530864194,2.5453223315707874e-06,-2.704226460537029e-07,32.702728271484375,0.002561595756560564,0.0016089342534542084,748,24.933333333333334
0.1041269302368164,1.1448540687561035,0.06209104938271605,0.004780973307788372,0.004920452833175659,26.930463790893555,0.0037723544519394636,0.001879557385109365,749,24.966666666666665
0.1020120307803154,1.254379153251648,0.07048611111111111,0.00014456966891884804,8.786196121945977e-05,17.609378814697266,0.004728458821773529,0.0013794550905004144,750,25.0
0.11182482540607452,1.3808021545410156,0.07137345679012345,1.4071989426156506e-05,-3.5750690585700795e-05,17.94325828552246,0.00612568948417902,0.0007520042709074914,751,25.033333333333335
0.12181452661752701,1.587290644645691,0.0670679012345679,9.397862595506012e-05,-9.953236440196633e-05,17.03447151184082,0.00831258948892355,0.0012283811811357737,752,25.066666666666666
0.12369835376739502,1.6410578489303589,0.0665354938271605,9.898896678350866e-05,0.0001707731280475855,12.366900444030762,0.008608575910329819,0.0025050940457731485,753,25.1
0.1327892392873764,1.6086503267288208,0.0705246913580247,8.96224519237876e-05,1.3721012692258228e-05,8.114927291870117,0.007546159904450178,0.0023101214319467545,754,25.133333333333333
0.12779617309570312,1.6734613180160522,0.06756944444444445,0.00019109332060907036,-3.308368832222186e-07,4.668125629425049,0.006377940997481346,0.0035856077447533607,755,25.166666666666668
0.14665943384170532,1.7211213111877441,0.06893518518518518,0.001377608859911561,-0.0005826888955198228,3.6851744651794434,0.0043894401751458645,0.0035879085771739483,756,25.2
0.13810159265995026,1.7468559741973877,0.06820216049382716,0.00021520940936170518,7.773654942866415e-05,355.963623046875,0.0033964263275265694,0.0004414294089656323,757,25.233333333333334
0.13443072140216827,1.72083580493927,0.06650462962962964,-5.724776565330103e-05,2.668811248440761e-06,354.7666320800781,0.0003431220247875899,0.0010066268732771277,758,25.266666666666666
0.13843095302581787,1.8898210525512695,0.06416666666666666,9.572620456310688e-07,3.447621111263288e-06,354.07086181640625,-0.000383267441065982,0.005673607345670462,759,25.3
0.14951476454734802,1.9478373527526855,0.06531635802469135,0.0006345311412587762,0.0006578702596016228,354.97686767578125,0.0014807297848165035,0.0061800419352948666,760,25.333333333333332
0.15653805434703827,2.073591470718384,0.06439043209876544,-0.0004373110132291913,0.0003597800387069583,347.7135314941406,0.007393843028694391,0.004254856146872044,761,25.366666666666667
0.15952619910240173,2.1683011054992676,0.06476851851851852,6.695155752822757e-05,1.2624122064153198e-05,346.55230712890625,0.009224732406437397,0.00423374492675066,762,25.4
0.2008565068244934,2.3557496070861816,0.06611882716049383,0.0009099819581024349,-0.0004888166440650821,344.5495910644531,0.012509224005043507,0.0016988682327792048,763,25.433333333333334
0.19541850686073303,2.6184935569763184,0.06475308641975308,0.00013496131577994674,0.0009176817256957293,338.009765625,0.013577443547546864,-0.0007718616398051381,764,25.466666666666665
0.20250090956687927,2.7504732608795166,0.06422067901234568,-8.164456085069105e-05,-0.0010094961617141962,334.11358642578125,0.008740737102925777,-0.0013172113103792071,765,25.5
0.23225456476211548,2.9976818561553955,0.06082561728395062,-0.002427777275443077,-0.0001628801110200584,331.8989562988281,0.009880827739834785,-0.003558574942871928,766,25.533333333333335
0.19809402525424957,2.940279483795166,0.059251543209876543,-3.06093534163665e-05,2.6392165182187455e-06,334.15875244140625,0.013568119145929813,-0.002433785703033209,767,25.566666666666666
0.20252862572669983,2.988788604736328,0.05792438271604938,-0.004121903795748949,-2.3068485461408272e-05,333.14483642578125,0.016042156144976616,-0.001635676366277039,768,25.6
0.20790080726146698,3.1945371627807617,0.05690586419753087,-0.00291622057557106,-0.00045733683509752154,333.40765380859375,0.012750392779707909,0.0010997045319527388,769,25.633333333333333
0.2330562323331833,3.436807870864868,0.05851851851851852,-0.003943493589758873,0.001226775348186493,340.5726318359375,0.011640987358987331,-0.0011978693073615432,770,25.666666666666668
0.2513657212257385,3.510561227798462,0.06418981481481481,-0.00026246352354064584,0.0009432188235223293,346.544189453125,0.009252862073481083,0.0018066046759486198,771,25.7
0.24067901074886322,3.435145854949951,0.0630787037037037,-0.0007072936277836561,-0.00014681539323646575,343.7552795410156,0.00991816259920597,0.0046408032067120075,772,25.733333333333334
0.2445283979177475,3.4606707096099854,0.06219907407407407,-0.0011240416206419468,0.0006918730214238167,343.0426330566406,0.015265018679201603,0.005344763398170471,773,25.766666666666666
0.2822188138961792,4.309704303741455,0.05929783950617284,-0.0005917669041082263,1.8557384464656934e-05,351.5825500488281,0.021108129993081093,0.010032305493950844,774,25.8
0.30555233359336853,4.750785827636719,0.059375,-0.00028532021678984165,-0.0003084376803599298,353.5570373535156,0.024603093042969704,0.019724171608686447,775,25.833333333333332
0.31762975454330444,5.0224809646606445,0.05740740740740741,-0.001830798457376659,-0.0010307824704796076,353.38153076171875,0.03186361491680145,0.031351614743471146,776,25.866666666666667
0.297311007976532,5.0218915939331055,0.05422839506172839,-0.0012750837486237288,-0.0007707265904173255,351.0328674316406,0.09183649718761444,0.03795812651515007,777,25.9
0.32411113381385803,6.020914554595947,0.049992283950617285,-9.976356523111463e-05,-0.0009985080687329173,349.418701171875,0.14708688855171204,0.037796080112457275,778,25.933333333333334
0.19294799864292145,4.281641006469727,0.03960648148148148,-0.00023545691510662436,-0.0005409737932495773,336.4976806640625,0.044616758823394775,0.04241105169057846,779,25.966666666666665
0.16003435850143433,3.593841314315796,0.036327160493827164,-0.0009896515402942896,0.0006673061288893223,330.7214660644531,0.05058502405881882,0.03836559131741524,780,26.0
0.1173790842294693,2.9520156383514404,0.03094135802469136,-0.0003858990385197103,0.0006183020304888487,344.1515197753906,0.0756184458732605,0.018671272322535515,781,26.033333333333335
0.11591153591871262,3.0319039821624756,0.030324074074074073,-9.391857020091265e-05,0.001010676845908165,343.8619384765625,0.15938660502433777,-0.021897584199905396,782,26.066666666666666
0.0878380537033081,2.473085880279541,0.026766975308641975,-0.00011505051952553913,-0.00024964171461761,356.1014709472656,0.11423177272081375,-0.004378275014460087,783,26.1
0.06535647809505463,2.177225351333618,0.019637345679012347,1.3436698282021098e-05,0.000804264098405838,6.628789901733398,0.11653870344161987,-0.0003747981390915811,784,26.133333333333333
0.035588134080171585,0.8473520874977112,0.011658950617283951,-0.0003184328961651772,-0.00023174492525868118,152.99588012695312,-0.007566116750240326,-0.0010077445767819881,785,26.166666666666668
0.029413681477308273,0.7846378684043884,0.009660493827160494,-4.023012252218905e-07,7.755434126011096e-06,140.0455780029297,-0.008213724009692669,-0.0025185304693877697,786,26.2
